path,label,mask
D:\dataset\train\10907.png,1,D:\dataset\train\10907_GT.png
D:\dataset\train\10366.png,0,D:\dataset\train\10366_GT.png
D:\dataset\train\12306.png,0,D:\dataset\train\12306_GT.png
D:\dataset\train\10614.png,0,D:\dataset\train\10614_GT.png
D:\dataset\train\10743.png,1,D:\dataset\train\10743_GT.png
D:\dataset\train\10633.png,0,D:\dataset\train\10633_GT.png
D:\dataset\train\10063.png,0,D:\dataset\train\10063_GT.png
D:\dataset\train\11811.png,0,D:\dataset\train\11811_GT.png
D:\dataset\train\10817.png,0,D:\dataset\train\10817_GT.png
D:\dataset\train\10086.png,0,D:\dataset\train\10086_GT.png
D:\dataset\train\10312.png,1,D:\dataset\train\10312_GT.png
D:\dataset\train\11486.png,0,D:\dataset\train\11486_GT.png
D:\dataset\train\10225.png,0,D:\dataset\train\10225_GT.png
D:\dataset\train\11320.png,0,D:\dataset\train\11320_GT.png
D:\dataset\train\12325.png,0,D:\dataset\train\12325_GT.png
D:\dataset\train\11532.png,0,D:\dataset\train\11532_GT.png
D:\dataset\train\11189.png,0,D:\dataset\train\11189_GT.png
D:\dataset\train\11750.png,1,D:\dataset\train\11750_GT.png
D:\dataset\train\10296.png,0,D:\dataset\train\10296_GT.png
D:\dataset\train\12135.png,0,D:\dataset\train\12135_GT.png
D:\dataset\train\12066.png,0,D:\dataset\train\12066_GT.png
D:\dataset\train\11114.png,0,D:\dataset\train\11114_GT.png
D:\dataset\train\10436.png,0,D:\dataset\train\10436_GT.png
D:\dataset\train\10629.png,0,D:\dataset\train\10629_GT.png
D:\dataset\train\11036.png,0,D:\dataset\train\11036_GT.png
D:\dataset\train\11866.png,0,D:\dataset\train\11866_GT.png
D:\dataset\train\11470.png,0,D:\dataset\train\11470_GT.png
D:\dataset\train\11062.png,0,D:\dataset\train\11062_GT.png
D:\dataset\train\11607.png,0,D:\dataset\train\11607_GT.png
D:\dataset\train\10210.png,0,D:\dataset\train\10210_GT.png
D:\dataset\train\10258.png,1,D:\dataset\train\10258_GT.png
D:\dataset\train\11347.png,0,D:\dataset\train\11347_GT.png
D:\dataset\train\10666.png,0,D:\dataset\train\10666_GT.png
D:\dataset\train\11536.png,0,D:\dataset\train\11536_GT.png
D:\dataset\train\11975.png,0,D:\dataset\train\11975_GT.png
D:\dataset\train\10765.png,0,D:\dataset\train\10765_GT.png
D:\dataset\train\11758.png,0,D:\dataset\train\11758_GT.png
D:\dataset\train\10639.png,0,D:\dataset\train\10639_GT.png
D:\dataset\train\12023.png,0,D:\dataset\train\12023_GT.png
D:\dataset\train\12177.png,0,D:\dataset\train\12177_GT.png
D:\dataset\train\10988.png,0,D:\dataset\train\10988_GT.png
D:\dataset\train\12194.png,0,D:\dataset\train\12194_GT.png
D:\dataset\train\11302.png,0,D:\dataset\train\11302_GT.png
D:\dataset\train\10315.png,0,D:\dataset\train\10315_GT.png
D:\dataset\train\10881.png,0,D:\dataset\train\10881_GT.png
D:\dataset\train\11544.png,0,D:\dataset\train\11544_GT.png
D:\dataset\train\10680.png,0,D:\dataset\train\10680_GT.png
D:\dataset\train\12268.png,0,D:\dataset\train\12268_GT.png
D:\dataset\train\11541.png,0,D:\dataset\train\11541_GT.png
D:\dataset\train\10115.png,0,D:\dataset\train\10115_GT.png
D:\dataset\train\12161.png,0,D:\dataset\train\12161_GT.png
D:\dataset\train\10959.png,0,D:\dataset\train\10959_GT.png
D:\dataset\train\10260.png,0,D:\dataset\train\10260_GT.png
D:\dataset\train\10239.png,0,D:\dataset\train\10239_GT.png
D:\dataset\train\11254.png,0,D:\dataset\train\11254_GT.png
D:\dataset\train\10950.png,0,D:\dataset\train\10950_GT.png
D:\dataset\train\10976.png,0,D:\dataset\train\10976_GT.png
D:\dataset\train\10118.png,0,D:\dataset\train\10118_GT.png
D:\dataset\train\10332.png,0,D:\dataset\train\10332_GT.png
D:\dataset\train\10709.png,0,D:\dataset\train\10709_GT.png
D:\dataset\train\10039.png,0,D:\dataset\train\10039_GT.png
D:\dataset\train\11895.png,0,D:\dataset\train\11895_GT.png
D:\dataset\train\11808.png,1,D:\dataset\train\11808_GT.png
D:\dataset\train\10153.png,0,D:\dataset\train\10153_GT.png
D:\dataset\train\10657.png,0,D:\dataset\train\10657_GT.png
D:\dataset\train\12259.png,0,D:\dataset\train\12259_GT.png
D:\dataset\train\10302.png,0,D:\dataset\train\10302_GT.png
D:\dataset\train\10224.png,0,D:\dataset\train\10224_GT.png
D:\dataset\train\11262.png,0,D:\dataset\train\11262_GT.png
D:\dataset\train\10997.png,0,D:\dataset\train\10997_GT.png
D:\dataset\train\12095.png,0,D:\dataset\train\12095_GT.png
D:\dataset\train\10415.png,0,D:\dataset\train\10415_GT.png
D:\dataset\train\10362.png,0,D:\dataset\train\10362_GT.png
D:\dataset\train\11890.png,0,D:\dataset\train\11890_GT.png
D:\dataset\train\11133.png,0,D:\dataset\train\11133_GT.png
D:\dataset\train\11990.png,0,D:\dataset\train\11990_GT.png
D:\dataset\train\11252.png,0,D:\dataset\train\11252_GT.png
D:\dataset\train\10539.png,0,D:\dataset\train\10539_GT.png
D:\dataset\train\10527.png,0,D:\dataset\train\10527_GT.png
D:\dataset\train\10580.png,0,D:\dataset\train\10580_GT.png
D:\dataset\train\10676.png,0,D:\dataset\train\10676_GT.png
D:\dataset\train\10578.png,0,D:\dataset\train\10578_GT.png
D:\dataset\train\12007.png,0,D:\dataset\train\12007_GT.png
D:\dataset\train\11391.png,0,D:\dataset\train\11391_GT.png
D:\dataset\train\10143.png,0,D:\dataset\train\10143_GT.png
D:\dataset\train\11929.png,0,D:\dataset\train\11929_GT.png
D:\dataset\train\10259.png,0,D:\dataset\train\10259_GT.png
D:\dataset\train\11640.png,0,D:\dataset\train\11640_GT.png
D:\dataset\train\10983.png,0,D:\dataset\train\10983_GT.png
D:\dataset\train\10135.png,1,D:\dataset\train\10135_GT.png
D:\dataset\train\11792.png,0,D:\dataset\train\11792_GT.png
D:\dataset\train\10962.png,0,D:\dataset\train\10962_GT.png
D:\dataset\train\11517.png,0,D:\dataset\train\11517_GT.png
D:\dataset\train\10473.png,0,D:\dataset\train\10473_GT.png
D:\dataset\train\11796.png,0,D:\dataset\train\11796_GT.png
D:\dataset\train\11155.png,0,D:\dataset\train\11155_GT.png
D:\dataset\train\12189.png,0,D:\dataset\train\12189_GT.png
D:\dataset\train\12233.png,1,D:\dataset\train\12233_GT.png
D:\dataset\train\10209.png,0,D:\dataset\train\10209_GT.png
D:\dataset\train\11158.png,0,D:\dataset\train\11158_GT.png
D:\dataset\train\10145.png,1,D:\dataset\train\10145_GT.png
D:\dataset\train\10537.png,0,D:\dataset\train\10537_GT.png
D:\dataset\train\12024.png,0,D:\dataset\train\12024_GT.png
D:\dataset\train\11307.png,0,D:\dataset\train\11307_GT.png
D:\dataset\train\10487.png,1,D:\dataset\train\10487_GT.png
D:\dataset\train\10715.png,0,D:\dataset\train\10715_GT.png
D:\dataset\train\12063.png,0,D:\dataset\train\12063_GT.png
D:\dataset\train\10075.png,0,D:\dataset\train\10075_GT.png
D:\dataset\train\10384.png,0,D:\dataset\train\10384_GT.png
D:\dataset\train\11290.png,0,D:\dataset\train\11290_GT.png
D:\dataset\train\11477.png,1,D:\dataset\train\11477_GT.png
D:\dataset\train\12070.png,1,D:\dataset\train\12070_GT.png
D:\dataset\train\11946.png,0,D:\dataset\train\11946_GT.png
D:\dataset\train\11967.png,0,D:\dataset\train\11967_GT.png
D:\dataset\train\12074.png,0,D:\dataset\train\12074_GT.png
D:\dataset\train\10511.png,0,D:\dataset\train\10511_GT.png
D:\dataset\train\11166.png,0,D:\dataset\train\11166_GT.png
D:\dataset\train\10059.png,0,D:\dataset\train\10059_GT.png
D:\dataset\train\11269.png,1,D:\dataset\train\11269_GT.png
D:\dataset\train\10984.png,0,D:\dataset\train\10984_GT.png
D:\dataset\train\10080.png,0,D:\dataset\train\10080_GT.png
D:\dataset\train\11228.png,1,D:\dataset\train\11228_GT.png
D:\dataset\train\10010.png,0,D:\dataset\train\10010_GT.png
D:\dataset\train\11733.png,0,D:\dataset\train\11733_GT.png
D:\dataset\train\11949.png,0,D:\dataset\train\11949_GT.png
D:\dataset\train\11378.png,0,D:\dataset\train\11378_GT.png
D:\dataset\train\10775.png,0,D:\dataset\train\10775_GT.png
D:\dataset\train\11500.png,1,D:\dataset\train\11500_GT.png
D:\dataset\train\10650.png,0,D:\dataset\train\10650_GT.png
D:\dataset\train\10235.png,1,D:\dataset\train\10235_GT.png
D:\dataset\train\11293.png,0,D:\dataset\train\11293_GT.png
D:\dataset\train\10930.png,0,D:\dataset\train\10930_GT.png
D:\dataset\train\10738.png,0,D:\dataset\train\10738_GT.png
D:\dataset\train\11351.png,1,D:\dataset\train\11351_GT.png
D:\dataset\train\12017.png,0,D:\dataset\train\12017_GT.png
D:\dataset\train\10399.png,0,D:\dataset\train\10399_GT.png
D:\dataset\train\12174.png,0,D:\dataset\train\12174_GT.png
D:\dataset\train\10596.png,0,D:\dataset\train\10596_GT.png
D:\dataset\train\10454.png,0,D:\dataset\train\10454_GT.png
D:\dataset\train\11748.png,0,D:\dataset\train\11748_GT.png
D:\dataset\train\11846.png,0,D:\dataset\train\11846_GT.png
D:\dataset\train\11441.png,0,D:\dataset\train\11441_GT.png
D:\dataset\train\10036.png,0,D:\dataset\train\10036_GT.png
D:\dataset\train\11119.png,0,D:\dataset\train\11119_GT.png
D:\dataset\train\12053.png,0,D:\dataset\train\12053_GT.png
D:\dataset\train\10348.png,0,D:\dataset\train\10348_GT.png
D:\dataset\train\11732.png,0,D:\dataset\train\11732_GT.png
D:\dataset\train\11817.png,0,D:\dataset\train\11817_GT.png
D:\dataset\train\11147.png,0,D:\dataset\train\11147_GT.png
D:\dataset\train\10402.png,1,D:\dataset\train\10402_GT.png
D:\dataset\train\11396.png,0,D:\dataset\train\11396_GT.png
D:\dataset\train\10451.png,0,D:\dataset\train\10451_GT.png
D:\dataset\train\11446.png,0,D:\dataset\train\11446_GT.png
D:\dataset\train\11233.png,0,D:\dataset\train\11233_GT.png
D:\dataset\train\11257.png,0,D:\dataset\train\11257_GT.png
D:\dataset\train\10285.png,0,D:\dataset\train\10285_GT.png
D:\dataset\train\11306.png,0,D:\dataset\train\11306_GT.png
D:\dataset\train\10052.png,0,D:\dataset\train\10052_GT.png
D:\dataset\train\10621.png,0,D:\dataset\train\10621_GT.png
D:\dataset\train\11780.png,0,D:\dataset\train\11780_GT.png
D:\dataset\train\10024.png,0,D:\dataset\train\10024_GT.png
D:\dataset\train\10428.png,0,D:\dataset\train\10428_GT.png
D:\dataset\train\10538.png,0,D:\dataset\train\10538_GT.png
D:\dataset\train\12137.png,0,D:\dataset\train\12137_GT.png
D:\dataset\train\11181.png,0,D:\dataset\train\11181_GT.png
D:\dataset\train\10117.png,0,D:\dataset\train\10117_GT.png
D:\dataset\train\12327.png,0,D:\dataset\train\12327_GT.png
D:\dataset\train\10659.png,1,D:\dataset\train\10659_GT.png
D:\dataset\train\10648.png,1,D:\dataset\train\10648_GT.png
D:\dataset\train\10314.png,0,D:\dataset\train\10314_GT.png
D:\dataset\train\10429.png,0,D:\dataset\train\10429_GT.png
D:\dataset\train\12201.png,1,D:\dataset\train\12201_GT.png
D:\dataset\train\10338.png,0,D:\dataset\train\10338_GT.png
D:\dataset\train\11321.png,0,D:\dataset\train\11321_GT.png
D:\dataset\train\11844.png,0,D:\dataset\train\11844_GT.png
D:\dataset\train\10557.png,1,D:\dataset\train\10557_GT.png
D:\dataset\train\12008.png,1,D:\dataset\train\12008_GT.png
D:\dataset\train\11935.png,0,D:\dataset\train\11935_GT.png
D:\dataset\train\11090.png,0,D:\dataset\train\11090_GT.png
D:\dataset\train\10360.png,0,D:\dataset\train\10360_GT.png
D:\dataset\train\11582.png,0,D:\dataset\train\11582_GT.png
D:\dataset\train\11972.png,0,D:\dataset\train\11972_GT.png
D:\dataset\train\11221.png,0,D:\dataset\train\11221_GT.png
D:\dataset\train\11805.png,0,D:\dataset\train\11805_GT.png
D:\dataset\train\12048.png,0,D:\dataset\train\12048_GT.png
D:\dataset\train\10779.png,0,D:\dataset\train\10779_GT.png
D:\dataset\train\11266.png,0,D:\dataset\train\11266_GT.png
D:\dataset\train\10925.png,0,D:\dataset\train\10925_GT.png
D:\dataset\train\10406.png,0,D:\dataset\train\10406_GT.png
D:\dataset\train\12121.png,0,D:\dataset\train\12121_GT.png
D:\dataset\train\11397.png,0,D:\dataset\train\11397_GT.png
D:\dataset\train\11309.png,0,D:\dataset\train\11309_GT.png
D:\dataset\train\11838.png,0,D:\dataset\train\11838_GT.png
D:\dataset\train\11830.png,0,D:\dataset\train\11830_GT.png
D:\dataset\train\11504.png,0,D:\dataset\train\11504_GT.png
D:\dataset\train\12303.png,1,D:\dataset\train\12303_GT.png
D:\dataset\train\11016.png,0,D:\dataset\train\11016_GT.png
D:\dataset\train\10746.png,0,D:\dataset\train\10746_GT.png
D:\dataset\train\10928.png,0,D:\dataset\train\10928_GT.png
D:\dataset\train\11100.png,0,D:\dataset\train\11100_GT.png
D:\dataset\train\11908.png,0,D:\dataset\train\11908_GT.png
D:\dataset\train\11140.png,0,D:\dataset\train\11140_GT.png
D:\dataset\train\10066.png,0,D:\dataset\train\10066_GT.png
D:\dataset\train\11494.png,0,D:\dataset\train\11494_GT.png
D:\dataset\train\10425.png,0,D:\dataset\train\10425_GT.png
D:\dataset\train\10905.png,1,D:\dataset\train\10905_GT.png
D:\dataset\train\11069.png,0,D:\dataset\train\11069_GT.png
D:\dataset\train\11738.png,0,D:\dataset\train\11738_GT.png
D:\dataset\train\12277.png,0,D:\dataset\train\12277_GT.png
D:\dataset\train\11299.png,1,D:\dataset\train\11299_GT.png
D:\dataset\train\10845.png,1,D:\dataset\train\10845_GT.png
D:\dataset\train\11806.png,0,D:\dataset\train\11806_GT.png
D:\dataset\train\10843.png,0,D:\dataset\train\10843_GT.png
D:\dataset\train\11548.png,0,D:\dataset\train\11548_GT.png
D:\dataset\train\10841.png,0,D:\dataset\train\10841_GT.png
D:\dataset\train\10716.png,0,D:\dataset\train\10716_GT.png
D:\dataset\train\11475.png,0,D:\dataset\train\11475_GT.png
D:\dataset\train\10720.png,0,D:\dataset\train\10720_GT.png
D:\dataset\train\10181.png,0,D:\dataset\train\10181_GT.png
D:\dataset\train\11316.png,0,D:\dataset\train\11316_GT.png
D:\dataset\train\11288.png,0,D:\dataset\train\11288_GT.png
D:\dataset\train\12211.png,0,D:\dataset\train\12211_GT.png
D:\dataset\train\11001.png,0,D:\dataset\train\11001_GT.png
D:\dataset\train\10853.png,0,D:\dataset\train\10853_GT.png
D:\dataset\train\10617.png,0,D:\dataset\train\10617_GT.png
D:\dataset\train\10531.png,0,D:\dataset\train\10531_GT.png
D:\dataset\train\10855.png,0,D:\dataset\train\10855_GT.png
D:\dataset\train\10714.png,1,D:\dataset\train\10714_GT.png
D:\dataset\train\12118.png,0,D:\dataset\train\12118_GT.png
D:\dataset\train\12049.png,0,D:\dataset\train\12049_GT.png
D:\dataset\train\10229.png,0,D:\dataset\train\10229_GT.png
D:\dataset\train\12178.png,0,D:\dataset\train\12178_GT.png
D:\dataset\train\10552.png,0,D:\dataset\train\10552_GT.png
D:\dataset\train\10178.png,0,D:\dataset\train\10178_GT.png
D:\dataset\train\11153.png,0,D:\dataset\train\11153_GT.png
D:\dataset\train\11381.png,0,D:\dataset\train\11381_GT.png
D:\dataset\train\10827.png,0,D:\dataset\train\10827_GT.png
D:\dataset\train\10546.png,0,D:\dataset\train\10546_GT.png
D:\dataset\train\11495.png,0,D:\dataset\train\11495_GT.png
D:\dataset\train\11239.png,0,D:\dataset\train\11239_GT.png
D:\dataset\train\10917.png,0,D:\dataset\train\10917_GT.png
D:\dataset\train\12226.png,0,D:\dataset\train\12226_GT.png
D:\dataset\train\11509.png,0,D:\dataset\train\11509_GT.png
D:\dataset\train\10674.png,0,D:\dataset\train\10674_GT.png
D:\dataset\train\12045.png,0,D:\dataset\train\12045_GT.png
D:\dataset\train\11342.png,0,D:\dataset\train\11342_GT.png
D:\dataset\train\10786.png,0,D:\dataset\train\10786_GT.png
D:\dataset\train\11085.png,0,D:\dataset\train\11085_GT.png
D:\dataset\train\10999.png,0,D:\dataset\train\10999_GT.png
D:\dataset\train\12313.png,0,D:\dataset\train\12313_GT.png
D:\dataset\train\11656.png,0,D:\dataset\train\11656_GT.png
D:\dataset\train\10139.png,0,D:\dataset\train\10139_GT.png
D:\dataset\train\12010.png,0,D:\dataset\train\12010_GT.png
D:\dataset\train\12151.png,0,D:\dataset\train\12151_GT.png
D:\dataset\train\12148.png,0,D:\dataset\train\12148_GT.png
D:\dataset\train\10938.png,0,D:\dataset\train\10938_GT.png
D:\dataset\train\11028.png,0,D:\dataset\train\11028_GT.png
D:\dataset\train\11945.png,0,D:\dataset\train\11945_GT.png
D:\dataset\train\10669.png,0,D:\dataset\train\10669_GT.png
D:\dataset\train\11715.png,0,D:\dataset\train\11715_GT.png
D:\dataset\train\10211.png,0,D:\dataset\train\10211_GT.png
D:\dataset\train\11901.png,0,D:\dataset\train\11901_GT.png
D:\dataset\train\12206.png,0,D:\dataset\train\12206_GT.png
D:\dataset\train\10478.png,1,D:\dataset\train\10478_GT.png
D:\dataset\train\11222.png,0,D:\dataset\train\11222_GT.png
D:\dataset\train\11804.png,1,D:\dataset\train\11804_GT.png
D:\dataset\train\10645.png,0,D:\dataset\train\10645_GT.png
D:\dataset\train\12157.png,0,D:\dataset\train\12157_GT.png
D:\dataset\train\11089.png,0,D:\dataset\train\11089_GT.png
D:\dataset\train\11543.png,1,D:\dataset\train\11543_GT.png
D:\dataset\train\10615.png,0,D:\dataset\train\10615_GT.png
D:\dataset\train\11466.png,0,D:\dataset\train\11466_GT.png
D:\dataset\train\11934.png,0,D:\dataset\train\11934_GT.png
D:\dataset\train\10682.png,0,D:\dataset\train\10682_GT.png
D:\dataset\train\11968.png,0,D:\dataset\train\11968_GT.png
D:\dataset\train\11860.png,0,D:\dataset\train\11860_GT.png
D:\dataset\train\11367.png,0,D:\dataset\train\11367_GT.png
D:\dataset\train\11572.png,0,D:\dataset\train\11572_GT.png
D:\dataset\train\10379.png,0,D:\dataset\train\10379_GT.png
D:\dataset\train\11735.png,0,D:\dataset\train\11735_GT.png
D:\dataset\train\11598.png,0,D:\dataset\train\11598_GT.png
D:\dataset\train\12027.png,0,D:\dataset\train\12027_GT.png
D:\dataset\train\10335.png,1,D:\dataset\train\10335_GT.png
D:\dataset\train\12260.png,0,D:\dataset\train\12260_GT.png
D:\dataset\train\11563.png,0,D:\dataset\train\11563_GT.png
D:\dataset\train\10305.png,0,D:\dataset\train\10305_GT.png
D:\dataset\train\12238.png,0,D:\dataset\train\12238_GT.png
D:\dataset\train\12127.png,0,D:\dataset\train\12127_GT.png
D:\dataset\train\10549.png,0,D:\dataset\train\10549_GT.png
D:\dataset\train\11625.png,0,D:\dataset\train\11625_GT.png
D:\dataset\train\11416.png,0,D:\dataset\train\11416_GT.png
D:\dataset\train\10033.png,0,D:\dataset\train\10033_GT.png
D:\dataset\train\11691.png,0,D:\dataset\train\11691_GT.png
D:\dataset\train\10972.png,0,D:\dataset\train\10972_GT.png
D:\dataset\train\10156.png,0,D:\dataset\train\10156_GT.png
D:\dataset\train\12188.png,0,D:\dataset\train\12188_GT.png
D:\dataset\train\10896.png,0,D:\dataset\train\10896_GT.png
D:\dataset\train\10263.png,0,D:\dataset\train\10263_GT.png
D:\dataset\train\10189.png,0,D:\dataset\train\10189_GT.png
D:\dataset\train\11125.png,0,D:\dataset\train\11125_GT.png
D:\dataset\train\11513.png,0,D:\dataset\train\11513_GT.png
D:\dataset\train\11995.png,0,D:\dataset\train\11995_GT.png
D:\dataset\train\11255.png,0,D:\dataset\train\11255_GT.png
D:\dataset\train\11424.png,0,D:\dataset\train\11424_GT.png
D:\dataset\train\11414.png,0,D:\dataset\train\11414_GT.png
D:\dataset\train\11238.png,0,D:\dataset\train\11238_GT.png
D:\dataset\train\10595.png,0,D:\dataset\train\10595_GT.png
D:\dataset\train\11395.png,0,D:\dataset\train\11395_GT.png
D:\dataset\train\10609.png,0,D:\dataset\train\10609_GT.png
D:\dataset\train\11448.png,0,D:\dataset\train\11448_GT.png
D:\dataset\train\10149.png,0,D:\dataset\train\10149_GT.png
D:\dataset\train\10505.png,0,D:\dataset\train\10505_GT.png
D:\dataset\train\10101.png,0,D:\dataset\train\10101_GT.png
D:\dataset\train\11461.png,0,D:\dataset\train\11461_GT.png
D:\dataset\train\10760.png,0,D:\dataset\train\10760_GT.png
D:\dataset\train\10240.png,0,D:\dataset\train\10240_GT.png
D:\dataset\train\11296.png,0,D:\dataset\train\11296_GT.png
D:\dataset\train\11621.png,0,D:\dataset\train\11621_GT.png
D:\dataset\train\11413.png,0,D:\dataset\train\11413_GT.png
D:\dataset\train\11487.png,0,D:\dataset\train\11487_GT.png
D:\dataset\train\11728.png,0,D:\dataset\train\11728_GT.png
D:\dataset\train\10509.png,0,D:\dataset\train\10509_GT.png
D:\dataset\train\11270.png,0,D:\dataset\train\11270_GT.png
D:\dataset\train\10282.png,0,D:\dataset\train\10282_GT.png
D:\dataset\train\12258.png,0,D:\dataset\train\12258_GT.png
D:\dataset\train\11165.png,0,D:\dataset\train\11165_GT.png
D:\dataset\train\10387.png,0,D:\dataset\train\10387_GT.png
D:\dataset\train\11584.png,1,D:\dataset\train\11584_GT.png
D:\dataset\train\12058.png,0,D:\dataset\train\12058_GT.png
D:\dataset\train\11925.png,0,D:\dataset\train\11925_GT.png
D:\dataset\train\11284.png,0,D:\dataset\train\11284_GT.png
D:\dataset\train\10104.png,0,D:\dataset\train\10104_GT.png
D:\dataset\train\10692.png,0,D:\dataset\train\10692_GT.png
D:\dataset\train\11631.png,0,D:\dataset\train\11631_GT.png
D:\dataset\train\11434.png,0,D:\dataset\train\11434_GT.png
D:\dataset\train\10455.png,0,D:\dataset\train\10455_GT.png
D:\dataset\train\10166.png,0,D:\dataset\train\10166_GT.png
D:\dataset\train\11756.png,0,D:\dataset\train\11756_GT.png
D:\dataset\train\12279.png,0,D:\dataset\train\12279_GT.png
D:\dataset\train\11905.png,1,D:\dataset\train\11905_GT.png
D:\dataset\train\12244.png,1,D:\dataset\train\12244_GT.png
D:\dataset\train\10787.png,0,D:\dataset\train\10787_GT.png
D:\dataset\train\10026.png,0,D:\dataset\train\10026_GT.png
D:\dataset\train\12208.png,0,D:\dataset\train\12208_GT.png
D:\dataset\train\10594.png,0,D:\dataset\train\10594_GT.png
D:\dataset\train\12262.png,0,D:\dataset\train\12262_GT.png
D:\dataset\train\10049.png,0,D:\dataset\train\10049_GT.png
D:\dataset\train\11614.png,0,D:\dataset\train\11614_GT.png
D:\dataset\train\11286.png,0,D:\dataset\train\11286_GT.png
D:\dataset\train\11248.png,0,D:\dataset\train\11248_GT.png
D:\dataset\train\12040.png,0,D:\dataset\train\12040_GT.png
D:\dataset\train\10160.png,0,D:\dataset\train\10160_GT.png
D:\dataset\train\10813.png,0,D:\dataset\train\10813_GT.png
D:\dataset\train\11364.png,1,D:\dataset\train\11364_GT.png
D:\dataset\train\11665.png,0,D:\dataset\train\11665_GT.png
D:\dataset\train\10608.png,0,D:\dataset\train\10608_GT.png
D:\dataset\train\11313.png,0,D:\dataset\train\11313_GT.png
D:\dataset\train\10705.png,0,D:\dataset\train\10705_GT.png
D:\dataset\train\10747.png,0,D:\dataset\train\10747_GT.png
D:\dataset\train\11449.png,0,D:\dataset\train\11449_GT.png
D:\dataset\train\10176.png,0,D:\dataset\train\10176_GT.png
D:\dataset\train\11918.png,0,D:\dataset\train\11918_GT.png
D:\dataset\train\11858.png,1,D:\dataset\train\11858_GT.png
D:\dataset\train\11355.png,0,D:\dataset\train\11355_GT.png
D:\dataset\train\11343.png,0,D:\dataset\train\11343_GT.png
D:\dataset\train\10497.png,0,D:\dataset\train\10497_GT.png
D:\dataset\train\10727.png,1,D:\dataset\train\10727_GT.png
D:\dataset\train\12202.png,0,D:\dataset\train\12202_GT.png
D:\dataset\train\12223.png,0,D:\dataset\train\12223_GT.png
D:\dataset\train\10050.png,0,D:\dataset\train\10050_GT.png
D:\dataset\train\10420.png,0,D:\dataset\train\10420_GT.png
D:\dataset\train\10788.png,0,D:\dataset\train\10788_GT.png
D:\dataset\train\11638.png,0,D:\dataset\train\11638_GT.png
D:\dataset\train\11463.png,0,D:\dataset\train\11463_GT.png
D:\dataset\train\11521.png,0,D:\dataset\train\11521_GT.png
D:\dataset\train\10718.png,0,D:\dataset\train\10718_GT.png
D:\dataset\train\11747.png,0,D:\dataset\train\11747_GT.png
D:\dataset\train\12242.png,0,D:\dataset\train\12242_GT.png
D:\dataset\train\10583.png,1,D:\dataset\train\10583_GT.png
D:\dataset\train\12298.png,0,D:\dataset\train\12298_GT.png
D:\dataset\train\10941.png,0,D:\dataset\train\10941_GT.png
D:\dataset\train\11438.png,0,D:\dataset\train\11438_GT.png
D:\dataset\train\11955.png,0,D:\dataset\train\11955_GT.png
D:\dataset\train\12082.png,0,D:\dataset\train\12082_GT.png
D:\dataset\train\10363.png,0,D:\dataset\train\10363_GT.png
D:\dataset\train\11188.png,0,D:\dataset\train\11188_GT.png
D:\dataset\train\11354.png,0,D:\dataset\train\11354_GT.png
D:\dataset\train\10134.png,0,D:\dataset\train\10134_GT.png
D:\dataset\train\10467.png,0,D:\dataset\train\10467_GT.png
D:\dataset\train\11644.png,0,D:\dataset\train\11644_GT.png
D:\dataset\train\11025.png,1,D:\dataset\train\11025_GT.png
D:\dataset\train\11067.png,0,D:\dataset\train\11067_GT.png
D:\dataset\train\10569.png,1,D:\dataset\train\10569_GT.png
D:\dataset\train\10440.png,0,D:\dataset\train\10440_GT.png
D:\dataset\train\10438.png,0,D:\dataset\train\10438_GT.png
D:\dataset\train\12080.png,1,D:\dataset\train\12080_GT.png
D:\dataset\train\11899.png,1,D:\dataset\train\11899_GT.png
D:\dataset\train\11229.png,0,D:\dataset\train\11229_GT.png
D:\dataset\train\10459.png,0,D:\dataset\train\10459_GT.png
D:\dataset\train\11986.png,1,D:\dataset\train\11986_GT.png
D:\dataset\train\10073.png,0,D:\dataset\train\10073_GT.png
D:\dataset\train\11087.png,0,D:\dataset\train\11087_GT.png
D:\dataset\train\10504.png,0,D:\dataset\train\10504_GT.png
D:\dataset\train\10126.png,0,D:\dataset\train\10126_GT.png
D:\dataset\train\10731.png,0,D:\dataset\train\10731_GT.png
D:\dataset\train\10499.png,1,D:\dataset\train\10499_GT.png
D:\dataset\train\11664.png,0,D:\dataset\train\11664_GT.png
D:\dataset\train\10510.png,0,D:\dataset\train\10510_GT.png
D:\dataset\train\10507.png,0,D:\dataset\train\10507_GT.png
D:\dataset\train\12205.png,0,D:\dataset\train\12205_GT.png
D:\dataset\train\10952.png,1,D:\dataset\train\10952_GT.png
D:\dataset\train\10773.png,0,D:\dataset\train\10773_GT.png
D:\dataset\train\11591.png,0,D:\dataset\train\11591_GT.png
D:\dataset\train\10041.png,0,D:\dataset\train\10041_GT.png
D:\dataset\train\10836.png,0,D:\dataset\train\10836_GT.png
D:\dataset\train\10206.png,1,D:\dataset\train\10206_GT.png
D:\dataset\train\11832.png,1,D:\dataset\train\11832_GT.png
D:\dataset\train\10561.png,0,D:\dataset\train\10561_GT.png
D:\dataset\train\12329.png,0,D:\dataset\train\12329_GT.png
D:\dataset\train\10068.png,0,D:\dataset\train\10068_GT.png
D:\dataset\train\11117.png,0,D:\dataset\train\11117_GT.png
D:\dataset\train\10157.png,1,D:\dataset\train\10157_GT.png
D:\dataset\train\11666.png,0,D:\dataset\train\11666_GT.png
D:\dataset\train\11401.png,0,D:\dataset\train\11401_GT.png
D:\dataset\train\10016.png,0,D:\dataset\train\10016_GT.png
D:\dataset\train\11240.png,0,D:\dataset\train\11240_GT.png
D:\dataset\train\10832.png,0,D:\dataset\train\10832_GT.png
D:\dataset\train\11512.png,1,D:\dataset\train\11512_GT.png
D:\dataset\train\11374.png,0,D:\dataset\train\11374_GT.png
D:\dataset\train\10405.png,0,D:\dataset\train\10405_GT.png
D:\dataset\train\11862.png,0,D:\dataset\train\11862_GT.png
D:\dataset\train\10244.png,1,D:\dataset\train\10244_GT.png
D:\dataset\train\10814.png,0,D:\dataset\train\10814_GT.png
D:\dataset\train\10524.png,0,D:\dataset\train\10524_GT.png
D:\dataset\train\10491.png,0,D:\dataset\train\10491_GT.png
D:\dataset\train\11615.png,0,D:\dataset\train\11615_GT.png
D:\dataset\train\11220.png,0,D:\dataset\train\11220_GT.png
D:\dataset\train\11969.png,1,D:\dataset\train\11969_GT.png
D:\dataset\train\10748.png,0,D:\dataset\train\10748_GT.png
D:\dataset\train\12308.png,0,D:\dataset\train\12308_GT.png
D:\dataset\train\10167.png,0,D:\dataset\train\10167_GT.png
D:\dataset\train\11687.png,0,D:\dataset\train\11687_GT.png
D:\dataset\train\11214.png,1,D:\dataset\train\11214_GT.png
D:\dataset\train\12065.png,0,D:\dataset\train\12065_GT.png
D:\dataset\train\12031.png,0,D:\dataset\train\12031_GT.png
D:\dataset\train\12012.png,0,D:\dataset\train\12012_GT.png
D:\dataset\train\11565.png,0,D:\dataset\train\11565_GT.png
D:\dataset\train\10957.png,0,D:\dataset\train\10957_GT.png
D:\dataset\train\12231.png,0,D:\dataset\train\12231_GT.png
D:\dataset\train\10072.png,0,D:\dataset\train\10072_GT.png
D:\dataset\train\12143.png,0,D:\dataset\train\12143_GT.png
D:\dataset\train\10955.png,0,D:\dataset\train\10955_GT.png
D:\dataset\train\12305.png,0,D:\dataset\train\12305_GT.png
D:\dataset\train\10916.png,0,D:\dataset\train\10916_GT.png
D:\dataset\train\12149.png,0,D:\dataset\train\12149_GT.png
D:\dataset\train\12248.png,0,D:\dataset\train\12248_GT.png
D:\dataset\train\12273.png,0,D:\dataset\train\12273_GT.png
D:\dataset\train\11585.png,1,D:\dataset\train\11585_GT.png
D:\dataset\train\10768.png,0,D:\dataset\train\10768_GT.png
D:\dataset\train\12035.png,0,D:\dataset\train\12035_GT.png
D:\dataset\train\11039.png,0,D:\dataset\train\11039_GT.png
D:\dataset\train\10393.png,0,D:\dataset\train\10393_GT.png
D:\dataset\train\11484.png,0,D:\dataset\train\11484_GT.png
D:\dataset\train\10530.png,0,D:\dataset\train\10530_GT.png
D:\dataset\train\11078.png,0,D:\dataset\train\11078_GT.png
D:\dataset\train\10320.png,0,D:\dataset\train\10320_GT.png
D:\dataset\train\12016.png,0,D:\dataset\train\12016_GT.png
D:\dataset\train\11206.png,0,D:\dataset\train\11206_GT.png
D:\dataset\train\10518.png,0,D:\dataset\train\10518_GT.png
D:\dataset\train\11427.png,0,D:\dataset\train\11427_GT.png
D:\dataset\train\10628.png,1,D:\dataset\train\10628_GT.png
D:\dataset\train\10808.png,1,D:\dataset\train\10808_GT.png
D:\dataset\train\10081.png,0,D:\dataset\train\10081_GT.png
D:\dataset\train\11568.png,1,D:\dataset\train\11568_GT.png
D:\dataset\train\12290.png,0,D:\dataset\train\12290_GT.png
D:\dataset\train\11650.png,0,D:\dataset\train\11650_GT.png
D:\dataset\train\11641.png,1,D:\dataset\train\11641_GT.png
D:\dataset\train\10321.png,0,D:\dataset\train\10321_GT.png
D:\dataset\train\11319.png,0,D:\dataset\train\11319_GT.png
D:\dataset\train\10161.png,0,D:\dataset\train\10161_GT.png
D:\dataset\train\11083.png,0,D:\dataset\train\11083_GT.png
D:\dataset\train\11603.png,0,D:\dataset\train\11603_GT.png
D:\dataset\train\10634.png,0,D:\dataset\train\10634_GT.png
D:\dataset\train\11786.png,0,D:\dataset\train\11786_GT.png
D:\dataset\train\11961.png,0,D:\dataset\train\11961_GT.png
D:\dataset\train\12033.png,0,D:\dataset\train\12033_GT.png
D:\dataset\train\10083.png,0,D:\dataset\train\10083_GT.png
D:\dataset\train\10468.png,0,D:\dataset\train\10468_GT.png
D:\dataset\train\10733.png,0,D:\dataset\train\10733_GT.png
D:\dataset\train\10014.png,0,D:\dataset\train\10014_GT.png
D:\dataset\train\10874.png,1,D:\dataset\train\10874_GT.png
D:\dataset\train\10919.png,0,D:\dataset\train\10919_GT.png
D:\dataset\train\10801.png,0,D:\dataset\train\10801_GT.png
D:\dataset\train\10869.png,1,D:\dataset\train\10869_GT.png
D:\dataset\train\10792.png,0,D:\dataset\train\10792_GT.png
D:\dataset\train\10318.png,0,D:\dataset\train\10318_GT.png
D:\dataset\train\12072.png,0,D:\dataset\train\12072_GT.png
D:\dataset\train\11518.png,0,D:\dataset\train\11518_GT.png
D:\dataset\train\10735.png,0,D:\dataset\train\10735_GT.png
D:\dataset\train\10522.png,0,D:\dataset\train\10522_GT.png
D:\dataset\train\10724.png,0,D:\dataset\train\10724_GT.png
D:\dataset\train\11752.png,0,D:\dataset\train\11752_GT.png
D:\dataset\train\10353.png,0,D:\dataset\train\10353_GT.png
D:\dataset\train\11933.png,0,D:\dataset\train\11933_GT.png
D:\dataset\train\10794.png,0,D:\dataset\train\10794_GT.png
D:\dataset\train\10880.png,0,D:\dataset\train\10880_GT.png
D:\dataset\train\11909.png,0,D:\dataset\train\11909_GT.png
D:\dataset\train\11223.png,0,D:\dataset\train\11223_GT.png
D:\dataset\train\10378.png,0,D:\dataset\train\10378_GT.png
D:\dataset\train\10287.png,0,D:\dataset\train\10287_GT.png
D:\dataset\train\12167.png,0,D:\dataset\train\12167_GT.png
D:\dataset\train\10354.png,1,D:\dataset\train\10354_GT.png
D:\dataset\train\10217.png,0,D:\dataset\train\10217_GT.png
D:\dataset\train\11208.png,0,D:\dataset\train\11208_GT.png
D:\dataset\train\10637.png,1,D:\dataset\train\10637_GT.png
D:\dataset\train\12076.png,0,D:\dataset\train\12076_GT.png
D:\dataset\train\11824.png,0,D:\dataset\train\11824_GT.png
D:\dataset\train\10638.png,1,D:\dataset\train\10638_GT.png
D:\dataset\train\10082.png,0,D:\dataset\train\10082_GT.png
D:\dataset\train\10141.png,0,D:\dataset\train\10141_GT.png
D:\dataset\train\10113.png,0,D:\dataset\train\10113_GT.png
D:\dataset\train\10316.png,0,D:\dataset\train\10316_GT.png
D:\dataset\train\10860.png,0,D:\dataset\train\10860_GT.png
D:\dataset\train\11788.png,0,D:\dataset\train\11788_GT.png
D:\dataset\train\10452.png,0,D:\dataset\train\10452_GT.png
D:\dataset\train\11648.png,0,D:\dataset\train\11648_GT.png
D:\dataset\train\10934.png,0,D:\dataset\train\10934_GT.png
D:\dataset\train\11437.png,0,D:\dataset\train\11437_GT.png
D:\dataset\train\11108.png,0,D:\dataset\train\11108_GT.png
D:\dataset\train\11035.png,0,D:\dataset\train\11035_GT.png
D:\dataset\train\11847.png,0,D:\dataset\train\11847_GT.png
D:\dataset\train\12141.png,1,D:\dataset\train\12141_GT.png
D:\dataset\train\11143.png,0,D:\dataset\train\11143_GT.png
D:\dataset\train\10474.png,0,D:\dataset\train\10474_GT.png
D:\dataset\train\11939.png,0,D:\dataset\train\11939_GT.png
D:\dataset\train\11958.png,0,D:\dataset\train\11958_GT.png
D:\dataset\train\10774.png,1,D:\dataset\train\10774_GT.png
D:\dataset\train\10730.png,0,D:\dataset\train\10730_GT.png
D:\dataset\train\10173.png,0,D:\dataset\train\10173_GT.png
D:\dataset\train\11102.png,0,D:\dataset\train\11102_GT.png
D:\dataset\train\12216.png,1,D:\dataset\train\12216_GT.png
D:\dataset\train\11545.png,0,D:\dataset\train\11545_GT.png
D:\dataset\train\11505.png,0,D:\dataset\train\11505_GT.png
D:\dataset\train\10640.png,0,D:\dataset\train\10640_GT.png
D:\dataset\train\11079.png,0,D:\dataset\train\11079_GT.png
D:\dataset\train\11328.png,0,D:\dataset\train\11328_GT.png
D:\dataset\train\12116.png,0,D:\dataset\train\12116_GT.png
D:\dataset\train\11857.png,0,D:\dataset\train\11857_GT.png
D:\dataset\train\11911.png,0,D:\dataset\train\11911_GT.png
D:\dataset\train\10830.png,0,D:\dataset\train\10830_GT.png
D:\dataset\train\10085.png,0,D:\dataset\train\10085_GT.png
D:\dataset\train\11894.png,0,D:\dataset\train\11894_GT.png
D:\dataset\train\11182.png,0,D:\dataset\train\11182_GT.png
D:\dataset\train\10523.png,0,D:\dataset\train\10523_GT.png
D:\dataset\train\10097.png,0,D:\dataset\train\10097_GT.png
D:\dataset\train\10133.png,0,D:\dataset\train\10133_GT.png
D:\dataset\train\10742.png,0,D:\dataset\train\10742_GT.png
D:\dataset\train\12294.png,0,D:\dataset\train\12294_GT.png
D:\dataset\train\11595.png,0,D:\dataset\train\11595_GT.png
D:\dataset\train\10926.png,0,D:\dataset\train\10926_GT.png
D:\dataset\train\10679.png,0,D:\dataset\train\10679_GT.png
D:\dataset\train\11279.png,0,D:\dataset\train\11279_GT.png
D:\dataset\train\10809.png,0,D:\dataset\train\10809_GT.png
D:\dataset\train\10764.png,0,D:\dataset\train\10764_GT.png
D:\dataset\train\11721.png,0,D:\dataset\train\11721_GT.png
D:\dataset\train\12000.png,0,D:\dataset\train\12000_GT.png
D:\dataset\train\10202.png,0,D:\dataset\train\10202_GT.png
D:\dataset\train\10555.png,0,D:\dataset\train\10555_GT.png
D:\dataset\train\10262.png,0,D:\dataset\train\10262_GT.png
D:\dataset\train\12101.png,0,D:\dataset\train\12101_GT.png
D:\dataset\train\10649.png,0,D:\dataset\train\10649_GT.png
D:\dataset\train\10600.png,0,D:\dataset\train\10600_GT.png
D:\dataset\train\10191.png,0,D:\dataset\train\10191_GT.png
D:\dataset\train\11904.png,0,D:\dataset\train\11904_GT.png
D:\dataset\train\11055.png,0,D:\dataset\train\11055_GT.png
D:\dataset\train\10444.png,0,D:\dataset\train\10444_GT.png
D:\dataset\train\11527.png,0,D:\dataset\train\11527_GT.png
D:\dataset\train\12239.png,0,D:\dataset\train\12239_GT.png
D:\dataset\train\12093.png,0,D:\dataset\train\12093_GT.png
D:\dataset\train\12301.png,1,D:\dataset\train\12301_GT.png
D:\dataset\train\11440.png,0,D:\dataset\train\11440_GT.png
D:\dataset\train\10923.png,0,D:\dataset\train\10923_GT.png
D:\dataset\train\10186.png,0,D:\dataset\train\10186_GT.png
D:\dataset\train\11032.png,0,D:\dataset\train\11032_GT.png
D:\dataset\train\10222.png,0,D:\dataset\train\10222_GT.png
D:\dataset\train\10294.png,0,D:\dataset\train\10294_GT.png
D:\dataset\train\10906.png,0,D:\dataset\train\10906_GT.png
D:\dataset\train\10542.png,0,D:\dataset\train\10542_GT.png
D:\dataset\train\11762.png,0,D:\dataset\train\11762_GT.png
D:\dataset\train\12022.png,0,D:\dataset\train\12022_GT.png
D:\dataset\train\10102.png,0,D:\dataset\train\10102_GT.png
D:\dataset\train\10311.png,0,D:\dataset\train\10311_GT.png
D:\dataset\train\10802.png,0,D:\dataset\train\10802_GT.png
D:\dataset\train\10023.png,0,D:\dataset\train\10023_GT.png
D:\dataset\train\10071.png,0,D:\dataset\train\10071_GT.png
D:\dataset\train\10942.png,0,D:\dataset\train\10942_GT.png
D:\dataset\train\10755.png,0,D:\dataset\train\10755_GT.png
D:\dataset\train\11923.png,1,D:\dataset\train\11923_GT.png
D:\dataset\train\10194.png,0,D:\dataset\train\10194_GT.png
D:\dataset\train\10822.png,0,D:\dataset\train\10822_GT.png
D:\dataset\train\11777.png,0,D:\dataset\train\11777_GT.png
D:\dataset\train\11539.png,0,D:\dataset\train\11539_GT.png
D:\dataset\train\10909.png,0,D:\dataset\train\10909_GT.png
D:\dataset\train\10046.png,0,D:\dataset\train\10046_GT.png
D:\dataset\train\10480.png,0,D:\dataset\train\10480_GT.png
D:\dataset\train\12173.png,0,D:\dataset\train\12173_GT.png
D:\dataset\train\10485.png,0,D:\dataset\train\10485_GT.png
D:\dataset\train\11070.png,0,D:\dataset\train\11070_GT.png
D:\dataset\train\12312.png,0,D:\dataset\train\12312_GT.png
D:\dataset\train\10653.png,0,D:\dataset\train\10653_GT.png
D:\dataset\train\11124.png,0,D:\dataset\train\11124_GT.png
D:\dataset\train\11989.png,0,D:\dataset\train\11989_GT.png
D:\dataset\train\12144.png,0,D:\dataset\train\12144_GT.png
D:\dataset\train\11084.png,0,D:\dataset\train\11084_GT.png
D:\dataset\train\11679.png,0,D:\dataset\train\11679_GT.png
D:\dataset\train\10852.png,0,D:\dataset\train\10852_GT.png
D:\dataset\train\11931.png,0,D:\dataset\train\11931_GT.png
D:\dataset\train\11671.png,0,D:\dataset\train\11671_GT.png
D:\dataset\train\10264.png,0,D:\dataset\train\10264_GT.png
D:\dataset\train\10921.png,0,D:\dataset\train\10921_GT.png
D:\dataset\train\11526.png,0,D:\dataset\train\11526_GT.png
D:\dataset\train\10488.png,0,D:\dataset\train\10488_GT.png
D:\dataset\train\10990.png,0,D:\dataset\train\10990_GT.png
D:\dataset\train\11112.png,0,D:\dataset\train\11112_GT.png
D:\dataset\train\12026.png,1,D:\dataset\train\12026_GT.png
D:\dataset\train\10673.png,0,D:\dataset\train\10673_GT.png
D:\dataset\train\11514.png,0,D:\dataset\train\11514_GT.png
D:\dataset\train\11596.png,0,D:\dataset\train\11596_GT.png
D:\dataset\train\10763.png,0,D:\dataset\train\10763_GT.png
D:\dataset\train\10007.png,0,D:\dataset\train\10007_GT.png
D:\dataset\train\10678.png,1,D:\dataset\train\10678_GT.png
D:\dataset\train\10929.png,0,D:\dataset\train\10929_GT.png
D:\dataset\train\10785.png,0,D:\dataset\train\10785_GT.png
D:\dataset\train\10484.png,0,D:\dataset\train\10484_GT.png
D:\dataset\train\11996.png,0,D:\dataset\train\11996_GT.png
D:\dataset\train\12269.png,0,D:\dataset\train\12269_GT.png
D:\dataset\train\11492.png,0,D:\dataset\train\11492_GT.png
D:\dataset\train\10548.png,0,D:\dataset\train\10548_GT.png
D:\dataset\train\11887.png,0,D:\dataset\train\11887_GT.png
D:\dataset\train\10904.png,0,D:\dataset\train\10904_GT.png
D:\dataset\train\12152.png,0,D:\dataset\train\12152_GT.png
D:\dataset\train\10382.png,1,D:\dataset\train\10382_GT.png
D:\dataset\train\11599.png,0,D:\dataset\train\11599_GT.png
D:\dataset\train\10369.png,0,D:\dataset\train\10369_GT.png
D:\dataset\train\10636.png,0,D:\dataset\train\10636_GT.png
D:\dataset\train\11113.png,0,D:\dataset\train\11113_GT.png
D:\dataset\train\11436.png,0,D:\dataset\train\11436_GT.png
D:\dataset\train\11569.png,0,D:\dataset\train\11569_GT.png
D:\dataset\train\10660.png,0,D:\dataset\train\10660_GT.png
D:\dataset\train\12086.png,0,D:\dataset\train\12086_GT.png
D:\dataset\train\12168.png,0,D:\dataset\train\12168_GT.png
D:\dataset\train\10249.png,0,D:\dataset\train\10249_GT.png
D:\dataset\train\11920.png,1,D:\dataset\train\11920_GT.png
D:\dataset\train\10725.png,0,D:\dataset\train\10725_GT.png
D:\dataset\train\10540.png,0,D:\dataset\train\10540_GT.png
D:\dataset\train\11098.png,0,D:\dataset\train\11098_GT.png
D:\dataset\train\10647.png,1,D:\dataset\train\10647_GT.png
D:\dataset\train\11361.png,0,D:\dataset\train\11361_GT.png
D:\dataset\train\10995.png,0,D:\dataset\train\10995_GT.png
D:\dataset\train\10956.png,0,D:\dataset\train\10956_GT.png
D:\dataset\train\11268.png,0,D:\dataset\train\11268_GT.png
D:\dataset\train\11033.png,0,D:\dataset\train\11033_GT.png
D:\dataset\train\11402.png,0,D:\dataset\train\11402_GT.png
D:\dataset\train\11766.png,0,D:\dataset\train\11766_GT.png
D:\dataset\train\10520.png,0,D:\dataset\train\10520_GT.png
D:\dataset\train\10121.png,0,D:\dataset\train\10121_GT.png
D:\dataset\train\10931.png,0,D:\dataset\train\10931_GT.png
D:\dataset\train\11764.png,0,D:\dataset\train\11764_GT.png
D:\dataset\train\10982.png,0,D:\dataset\train\10982_GT.png
D:\dataset\train\10107.png,0,D:\dataset\train\10107_GT.png
D:\dataset\train\10020.png,0,D:\dataset\train\10020_GT.png
D:\dataset\train\12321.png,0,D:\dataset\train\12321_GT.png
D:\dataset\train\10729.png,1,D:\dataset\train\10729_GT.png
D:\dataset\train\11151.png,0,D:\dataset\train\11151_GT.png
D:\dataset\train\10268.png,0,D:\dataset\train\10268_GT.png
D:\dataset\train\12264.png,0,D:\dataset\train\12264_GT.png
D:\dataset\train\11334.png,0,D:\dataset\train\11334_GT.png
D:\dataset\train\11882.png,0,D:\dataset\train\11882_GT.png
D:\dataset\train\10684.png,0,D:\dataset\train\10684_GT.png
D:\dataset\train\11170.png,0,D:\dataset\train\11170_GT.png
D:\dataset\train\11606.png,0,D:\dataset\train\11606_GT.png
D:\dataset\train\11086.png,0,D:\dataset\train\11086_GT.png
D:\dataset\train\11802.png,0,D:\dataset\train\11802_GT.png
D:\dataset\train\10280.png,0,D:\dataset\train\10280_GT.png
D:\dataset\train\11331.png,0,D:\dataset\train\11331_GT.png
D:\dataset\train\10400.png,0,D:\dataset\train\10400_GT.png
D:\dataset\train\11325.png,0,D:\dataset\train\11325_GT.png
D:\dataset\train\11988.png,0,D:\dataset\train\11988_GT.png
D:\dataset\train\11564.png,0,D:\dataset\train\11564_GT.png
D:\dataset\train\10652.png,0,D:\dataset\train\10652_GT.png
D:\dataset\train\11754.png,0,D:\dataset\train\11754_GT.png
D:\dataset\train\11093.png,1,D:\dataset\train\11093_GT.png
D:\dataset\train\12150.png,0,D:\dataset\train\12150_GT.png
D:\dataset\train\11420.png,0,D:\dataset\train\11420_GT.png
D:\dataset\train\10027.png,0,D:\dataset\train\10027_GT.png
D:\dataset\train\12209.png,0,D:\dataset\train\12209_GT.png
D:\dataset\train\10791.png,0,D:\dataset\train\10791_GT.png
D:\dataset\train\10037.png,0,D:\dataset\train\10037_GT.png
D:\dataset\train\10056.png,0,D:\dataset\train\10056_GT.png
D:\dataset\train\10593.png,0,D:\dataset\train\10593_GT.png
D:\dataset\train\10288.png,0,D:\dataset\train\10288_GT.png
D:\dataset\train\10413.png,0,D:\dataset\train\10413_GT.png
D:\dataset\train\11799.png,0,D:\dataset\train\11799_GT.png
D:\dataset\train\11717.png,0,D:\dataset\train\11717_GT.png
D:\dataset\train\12042.png,0,D:\dataset\train\12042_GT.png
D:\dataset\train\10828.png,0,D:\dataset\train\10828_GT.png
D:\dataset\train\10744.png,0,D:\dataset\train\10744_GT.png
D:\dataset\train\10271.png,0,D:\dataset\train\10271_GT.png
D:\dataset\train\11263.png,0,D:\dataset\train\11263_GT.png
D:\dataset\train\11820.png,0,D:\dataset\train\11820_GT.png
D:\dataset\train\11297.png,0,D:\dataset\train\11297_GT.png
D:\dataset\train\11737.png,0,D:\dataset\train\11737_GT.png
D:\dataset\train\10172.png,0,D:\dataset\train\10172_GT.png
D:\dataset\train\10218.png,0,D:\dataset\train\10218_GT.png
D:\dataset\train\11356.png,0,D:\dataset\train\11356_GT.png
D:\dataset\train\11713.png,1,D:\dataset\train\11713_GT.png
D:\dataset\train\11749.png,0,D:\dataset\train\11749_GT.png
D:\dataset\train\11161.png,0,D:\dataset\train\11161_GT.png
D:\dataset\train\12123.png,0,D:\dataset\train\12123_GT.png
D:\dataset\train\10356.png,0,D:\dataset\train\10356_GT.png
D:\dataset\train\11685.png,0,D:\dataset\train\11685_GT.png
D:\dataset\train\11828.png,0,D:\dataset\train\11828_GT.png
D:\dataset\train\10899.png,0,D:\dataset\train\10899_GT.png
D:\dataset\train\10661.png,1,D:\dataset\train\10661_GT.png
D:\dataset\train\12090.png,0,D:\dataset\train\12090_GT.png
D:\dataset\train\11341.png,0,D:\dataset\train\11341_GT.png
D:\dataset\train\11227.png,0,D:\dataset\train\11227_GT.png
D:\dataset\train\11983.png,0,D:\dataset\train\11983_GT.png
D:\dataset\train\10933.png,0,D:\dataset\train\10933_GT.png
D:\dataset\train\11358.png,0,D:\dataset\train\11358_GT.png
D:\dataset\train\11699.png,0,D:\dataset\train\11699_GT.png
D:\dataset\train\10940.png,0,D:\dataset\train\10940_GT.png
D:\dataset\train\11669.png,1,D:\dataset\train\11669_GT.png
D:\dataset\train\11380.png,0,D:\dataset\train\11380_GT.png
D:\dataset\train\10158.png,0,D:\dataset\train\10158_GT.png
D:\dataset\train\11921.png,0,D:\dataset\train\11921_GT.png
D:\dataset\train\10910.png,0,D:\dataset\train\10910_GT.png
D:\dataset\train\11716.png,0,D:\dataset\train\11716_GT.png
D:\dataset\train\10994.png,0,D:\dataset\train\10994_GT.png
D:\dataset\train\11353.png,0,D:\dataset\train\11353_GT.png
D:\dataset\train\10587.png,0,D:\dataset\train\10587_GT.png
D:\dataset\train\11280.png,0,D:\dataset\train\11280_GT.png
D:\dataset\train\12155.png,0,D:\dataset\train\12155_GT.png
D:\dataset\train\12064.png,0,D:\dataset\train\12064_GT.png
D:\dataset\train\10761.png,0,D:\dataset\train\10761_GT.png
D:\dataset\train\10697.png,0,D:\dataset\train\10697_GT.png
D:\dataset\train\10864.png,0,D:\dataset\train\10864_GT.png
D:\dataset\train\11501.png,0,D:\dataset\train\11501_GT.png
D:\dataset\train\10632.png,0,D:\dataset\train\10632_GT.png
D:\dataset\train\11063.png,0,D:\dataset\train\11063_GT.png
D:\dataset\train\11600.png,0,D:\dataset\train\11600_GT.png
D:\dataset\train\10960.png,0,D:\dataset\train\10960_GT.png
D:\dataset\train\11881.png,0,D:\dataset\train\11881_GT.png
D:\dataset\train\10204.png,0,D:\dataset\train\10204_GT.png
D:\dataset\train\10736.png,0,D:\dataset\train\10736_GT.png
D:\dataset\train\11056.png,0,D:\dataset\train\11056_GT.png
D:\dataset\train\10872.png,0,D:\dataset\train\10872_GT.png
D:\dataset\train\12286.png,0,D:\dataset\train\12286_GT.png
D:\dataset\train\11445.png,0,D:\dataset\train\11445_GT.png
D:\dataset\train\11675.png,0,D:\dataset\train\11675_GT.png
D:\dataset\train\11226.png,0,D:\dataset\train\11226_GT.png
D:\dataset\train\11853.png,0,D:\dataset\train\11853_GT.png
D:\dataset\train\10777.png,0,D:\dataset\train\10777_GT.png
D:\dataset\train\11718.png,0,D:\dataset\train\11718_GT.png
D:\dataset\train\11498.png,0,D:\dataset\train\11498_GT.png
D:\dataset\train\10892.png,0,D:\dataset\train\10892_GT.png
D:\dataset\train\10568.png,0,D:\dataset\train\10568_GT.png
D:\dataset\train\11308.png,0,D:\dataset\train\11308_GT.png
D:\dataset\train\11075.png,0,D:\dataset\train\11075_GT.png
D:\dataset\train\11800.png,1,D:\dataset\train\11800_GT.png
D:\dataset\train\12236.png,0,D:\dataset\train\12236_GT.png
D:\dataset\train\10646.png,0,D:\dataset\train\10646_GT.png
D:\dataset\train\10267.png,0,D:\dataset\train\10267_GT.png
D:\dataset\train\12250.png,0,D:\dataset\train\12250_GT.png
D:\dataset\train\12062.png,0,D:\dataset\train\12062_GT.png
D:\dataset\train\11298.png,0,D:\dataset\train\11298_GT.png
D:\dataset\train\10575.png,0,D:\dataset\train\10575_GT.png
D:\dataset\train\11712.png,0,D:\dataset\train\11712_GT.png
D:\dataset\train\11452.png,0,D:\dataset\train\11452_GT.png
D:\dataset\train\11907.png,0,D:\dataset\train\11907_GT.png
D:\dataset\train\11315.png,1,D:\dataset\train\11315_GT.png
D:\dataset\train\10223.png,1,D:\dataset\train\10223_GT.png
D:\dataset\train\10089.png,0,D:\dataset\train\10089_GT.png
D:\dataset\train\10437.png,0,D:\dataset\train\10437_GT.png
D:\dataset\train\11829.png,0,D:\dataset\train\11829_GT.png
D:\dataset\train\11219.png,0,D:\dataset\train\11219_GT.png
D:\dataset\train\11207.png,0,D:\dataset\train\11207_GT.png
D:\dataset\train\10662.png,0,D:\dataset\train\10662_GT.png
D:\dataset\train\12005.png,0,D:\dataset\train\12005_GT.png
D:\dataset\train\11533.png,0,D:\dataset\train\11533_GT.png
D:\dataset\train\10336.png,0,D:\dataset\train\10336_GT.png
D:\dataset\train\11267.png,0,D:\dataset\train\11267_GT.png
D:\dataset\train\10237.png,0,D:\dataset\train\10237_GT.png
D:\dataset\train\11943.png,0,D:\dataset\train\11943_GT.png
D:\dataset\train\10698.png,0,D:\dataset\train\10698_GT.png
D:\dataset\train\10877.png,0,D:\dataset\train\10877_GT.png
D:\dataset\train\10913.png,0,D:\dataset\train\10913_GT.png
D:\dataset\train\11190.png,1,D:\dataset\train\11190_GT.png
D:\dataset\train\11768.png,0,D:\dataset\train\11768_GT.png
D:\dataset\train\11944.png,0,D:\dataset\train\11944_GT.png
D:\dataset\train\12169.png,0,D:\dataset\train\12169_GT.png
D:\dataset\train\10752.png,0,D:\dataset\train\10752_GT.png
D:\dataset\train\10154.png,0,D:\dataset\train\10154_GT.png
D:\dataset\train\11590.png,1,D:\dataset\train\11590_GT.png
D:\dataset\train\11053.png,0,D:\dataset\train\11053_GT.png
D:\dataset\train\10439.png,0,D:\dataset\train\10439_GT.png
D:\dataset\train\10069.png,0,D:\dataset\train\10069_GT.png
D:\dataset\train\10783.png,0,D:\dataset\train\10783_GT.png
D:\dataset\train\11152.png,0,D:\dataset\train\11152_GT.png
D:\dataset\train\11957.png,1,D:\dataset\train\11957_GT.png
D:\dataset\train\10975.png,0,D:\dataset\train\10975_GT.png
D:\dataset\train\10257.png,0,D:\dataset\train\10257_GT.png
D:\dataset\train\11880.png,0,D:\dataset\train\11880_GT.png
D:\dataset\train\10603.png,0,D:\dataset\train\10603_GT.png
D:\dataset\train\10780.png,0,D:\dataset\train\10780_GT.png
D:\dataset\train\11045.png,0,D:\dataset\train\11045_GT.png
D:\dataset\train\11560.png,0,D:\dataset\train\11560_GT.png
D:\dataset\train\11066.png,0,D:\dataset\train\11066_GT.png
D:\dataset\train\10062.png,0,D:\dataset\train\10062_GT.png
D:\dataset\train\12222.png,0,D:\dataset\train\12222_GT.png
D:\dataset\train\10691.png,0,D:\dataset\train\10691_GT.png
D:\dataset\train\12107.png,0,D:\dataset\train\12107_GT.png
D:\dataset\train\10912.png,0,D:\dataset\train\10912_GT.png
D:\dataset\train\10833.png,0,D:\dataset\train\10833_GT.png
D:\dataset\train\10668.png,0,D:\dataset\train\10668_GT.png
D:\dataset\train\10087.png,0,D:\dataset\train\10087_GT.png
D:\dataset\train\10712.png,1,D:\dataset\train\10712_GT.png
D:\dataset\train\10495.png,0,D:\dataset\train\10495_GT.png
D:\dataset\train\11122.png,0,D:\dataset\train\11122_GT.png
D:\dataset\train\10368.png,0,D:\dataset\train\10368_GT.png
D:\dataset\train\12181.png,0,D:\dataset\train\12181_GT.png
D:\dataset\train\10152.png,0,D:\dataset\train\10152_GT.png
D:\dataset\train\11551.png,0,D:\dataset\train\11551_GT.png
D:\dataset\train\10618.png,1,D:\dataset\train\10618_GT.png
D:\dataset\train\11583.png,0,D:\dataset\train\11583_GT.png
D:\dataset\train\11959.png,0,D:\dataset\train\11959_GT.png
D:\dataset\train\11116.png,0,D:\dataset\train\11116_GT.png
D:\dataset\train\12281.png,0,D:\dataset\train\12281_GT.png
D:\dataset\train\11360.png,1,D:\dataset\train\11360_GT.png
D:\dataset\train\10370.png,0,D:\dataset\train\10370_GT.png
D:\dataset\train\10672.png,1,D:\dataset\train\10672_GT.png
D:\dataset\train\11886.png,0,D:\dataset\train\11886_GT.png
D:\dataset\train\10442.png,0,D:\dataset\train\10442_GT.png
D:\dataset\train\11483.png,0,D:\dataset\train\11483_GT.png
D:\dataset\train\11282.png,1,D:\dataset\train\11282_GT.png
D:\dataset\train\11552.png,0,D:\dataset\train\11552_GT.png
D:\dataset\train\11292.png,0,D:\dataset\train\11292_GT.png
D:\dataset\train\10013.png,0,D:\dataset\train\10013_GT.png
D:\dataset\train\10581.png,0,D:\dataset\train\10581_GT.png
D:\dataset\train\11464.png,0,D:\dataset\train\11464_GT.png
D:\dataset\train\12054.png,0,D:\dataset\train\12054_GT.png
D:\dataset\train\11253.png,0,D:\dataset\train\11253_GT.png
D:\dataset\train\11807.png,0,D:\dataset\train\11807_GT.png
D:\dataset\train\11942.png,0,D:\dataset\train\11942_GT.png
D:\dataset\train\11278.png,0,D:\dataset\train\11278_GT.png
D:\dataset\train\11136.png,0,D:\dataset\train\11136_GT.png
D:\dataset\train\10535.png,0,D:\dataset\train\10535_GT.png
D:\dataset\train\10216.png,0,D:\dataset\train\10216_GT.png
D:\dataset\train\11954.png,0,D:\dataset\train\11954_GT.png
D:\dataset\train\12094.png,0,D:\dataset\train\12094_GT.png
D:\dataset\train\11673.png,0,D:\dataset\train\11673_GT.png
D:\dataset\train\10127.png,0,D:\dataset\train\10127_GT.png
D:\dataset\train\11429.png,0,D:\dataset\train\11429_GT.png
D:\dataset\train\10576.png,0,D:\dataset\train\10576_GT.png
D:\dataset\train\11623.png,0,D:\dataset\train\11623_GT.png
D:\dataset\train\11630.png,0,D:\dataset\train\11630_GT.png
D:\dataset\train\12147.png,0,D:\dataset\train\12147_GT.png
D:\dataset\train\10035.png,0,D:\dataset\train\10035_GT.png
D:\dataset\train\11889.png,0,D:\dataset\train\11889_GT.png
D:\dataset\train\11837.png,0,D:\dataset\train\11837_GT.png
D:\dataset\train\10824.png,0,D:\dataset\train\10824_GT.png
D:\dataset\train\12309.png,0,D:\dataset\train\12309_GT.png
D:\dataset\train\11350.png,1,D:\dataset\train\11350_GT.png
D:\dataset\train\11433.png,0,D:\dataset\train\11433_GT.png
D:\dataset\train\11322.png,0,D:\dataset\train\11322_GT.png
D:\dataset\train\11848.png,0,D:\dataset\train\11848_GT.png
D:\dataset\train\10120.png,0,D:\dataset\train\10120_GT.png
D:\dataset\train\10762.png,0,D:\dataset\train\10762_GT.png
D:\dataset\train\11472.png,0,D:\dataset\train\11472_GT.png
D:\dataset\train\10248.png,0,D:\dataset\train\10248_GT.png
D:\dataset\train\11827.png,0,D:\dataset\train\11827_GT.png
D:\dataset\train\11020.png,0,D:\dataset\train\11020_GT.png
D:\dataset\train\10094.png,0,D:\dataset\train\10094_GT.png
D:\dataset\train\10326.png,0,D:\dataset\train\10326_GT.png
D:\dataset\train\10707.png,1,D:\dataset\train\10707_GT.png
D:\dataset\train\11200.png,0,D:\dataset\train\11200_GT.png
D:\dataset\train\10165.png,0,D:\dataset\train\10165_GT.png
D:\dataset\train\11259.png,0,D:\dataset\train\11259_GT.png
D:\dataset\train\11823.png,0,D:\dataset\train\11823_GT.png
D:\dataset\train\11843.png,0,D:\dataset\train\11843_GT.png
D:\dataset\train\11005.png,0,D:\dataset\train\11005_GT.png
D:\dataset\train\10095.png,0,D:\dataset\train\10095_GT.png
D:\dataset\train\10573.png,0,D:\dataset\train\10573_GT.png
D:\dataset\train\10699.png,0,D:\dataset\train\10699_GT.png
D:\dataset\train\10416.png,0,D:\dataset\train\10416_GT.png
D:\dataset\train\10203.png,0,D:\dataset\train\10203_GT.png
D:\dataset\train\12296.png,0,D:\dataset\train\12296_GT.png
D:\dataset\train\10124.png,0,D:\dataset\train\10124_GT.png
D:\dataset\train\11515.png,0,D:\dataset\train\11515_GT.png
D:\dataset\train\10515.png,0,D:\dataset\train\10515_GT.png
D:\dataset\train\12191.png,1,D:\dataset\train\12191_GT.png
D:\dataset\train\11636.png,0,D:\dataset\train\11636_GT.png
D:\dataset\train\10350.png,0,D:\dataset\train\10350_GT.png
D:\dataset\train\12162.png,0,D:\dataset\train\12162_GT.png
D:\dataset\train\10753.png,0,D:\dataset\train\10753_GT.png
D:\dataset\train\10110.png,0,D:\dataset\train\10110_GT.png
D:\dataset\train\12030.png,0,D:\dataset\train\12030_GT.png
D:\dataset\train\11556.png,0,D:\dataset\train\11556_GT.png
D:\dataset\train\12104.png,0,D:\dataset\train\12104_GT.png
D:\dataset\train\10789.png,0,D:\dataset\train\10789_GT.png
D:\dataset\train\12253.png,0,D:\dataset\train\12253_GT.png
D:\dataset\train\10426.png,1,D:\dataset\train\10426_GT.png
D:\dataset\train\11938.png,0,D:\dataset\train\11938_GT.png
D:\dataset\train\11095.png,0,D:\dataset\train\11095_GT.png
D:\dataset\train\10421.png,1,D:\dataset\train\10421_GT.png
D:\dataset\train\12175.png,0,D:\dataset\train\12175_GT.png
D:\dataset\train\11332.png,0,D:\dataset\train\11332_GT.png
D:\dataset\train\12156.png,0,D:\dataset\train\12156_GT.png
D:\dataset\train\11468.png,0,D:\dataset\train\11468_GT.png
D:\dataset\train\10846.png,1,D:\dataset\train\10846_GT.png
D:\dataset\train\11235.png,0,D:\dataset\train\11235_GT.png
D:\dataset\train\11212.png,0,D:\dataset\train\11212_GT.png
D:\dataset\train\12267.png,0,D:\dataset\train\12267_GT.png
D:\dataset\train\12110.png,0,D:\dataset\train\12110_GT.png
D:\dataset\train\11861.png,0,D:\dataset\train\11861_GT.png
D:\dataset\train\10656.png,0,D:\dataset\train\10656_GT.png
D:\dataset\train\11980.png,1,D:\dataset\train\11980_GT.png
D:\dataset\train\10341.png,0,D:\dataset\train\10341_GT.png
D:\dataset\train\10193.png,0,D:\dataset\train\10193_GT.png
D:\dataset\train\10180.png,0,D:\dataset\train\10180_GT.png
D:\dataset\train\11213.png,0,D:\dataset\train\11213_GT.png
D:\dataset\train\11276.png,0,D:\dataset\train\11276_GT.png
D:\dataset\train\11194.png,0,D:\dataset\train\11194_GT.png
D:\dataset\train\11936.png,0,D:\dataset\train\11936_GT.png
D:\dataset\train\12081.png,1,D:\dataset\train\12081_GT.png
D:\dataset\train\10038.png,0,D:\dataset\train\10038_GT.png
D:\dataset\train\10435.png,0,D:\dataset\train\10435_GT.png
D:\dataset\train\10187.png,0,D:\dataset\train\10187_GT.png
D:\dataset\train\12317.png,1,D:\dataset\train\12317_GT.png
D:\dataset\train\11138.png,0,D:\dataset\train\11138_GT.png
D:\dataset\train\11753.png,0,D:\dataset\train\11753_GT.png
D:\dataset\train\11655.png,0,D:\dataset\train\11655_GT.png
D:\dataset\train\11162.png,0,D:\dataset\train\11162_GT.png
D:\dataset\train\12009.png,0,D:\dataset\train\12009_GT.png
D:\dataset\train\12185.png,0,D:\dataset\train\12185_GT.png
D:\dataset\train\10293.png,0,D:\dataset\train\10293_GT.png
D:\dataset\train\10184.png,0,D:\dataset\train\10184_GT.png
D:\dataset\train\10996.png,0,D:\dataset\train\10996_GT.png
D:\dataset\train\10108.png,0,D:\dataset\train\10108_GT.png
D:\dataset\train\10695.png,1,D:\dataset\train\10695_GT.png
D:\dataset\train\11773.png,0,D:\dataset\train\11773_GT.png
D:\dataset\train\10703.png,0,D:\dataset\train\10703_GT.png
D:\dataset\train\10884.png,0,D:\dataset\train\10884_GT.png
D:\dataset\train\10343.png,0,D:\dataset\train\10343_GT.png
D:\dataset\train\11160.png,0,D:\dataset\train\11160_GT.png
D:\dataset\train\10051.png,0,D:\dataset\train\10051_GT.png
D:\dataset\train\11074.png,1,D:\dataset\train\11074_GT.png
D:\dataset\train\10392.png,0,D:\dataset\train\10392_GT.png
D:\dataset\train\11457.png,0,D:\dataset\train\11457_GT.png
D:\dataset\train\10219.png,0,D:\dataset\train\10219_GT.png
D:\dataset\train\12078.png,0,D:\dataset\train\12078_GT.png
D:\dataset\train\10977.png,0,D:\dataset\train\10977_GT.png
D:\dataset\train\10301.png,1,D:\dataset\train\10301_GT.png
D:\dataset\train\11014.png,0,D:\dataset\train\11014_GT.png
D:\dataset\train\11794.png,0,D:\dataset\train\11794_GT.png
D:\dataset\train\10854.png,0,D:\dataset\train\10854_GT.png
D:\dataset\train\10589.png,0,D:\dataset\train\10589_GT.png
D:\dataset\train\10839.png,0,D:\dataset\train\10839_GT.png
D:\dataset\train\12111.png,0,D:\dataset\train\12111_GT.png
D:\dataset\train\10077.png,0,D:\dataset\train\10077_GT.png
D:\dataset\train\10920.png,0,D:\dataset\train\10920_GT.png
D:\dataset\train\10602.png,1,D:\dataset\train\10602_GT.png
D:\dataset\train\11825.png,0,D:\dataset\train\11825_GT.png
D:\dataset\train\11511.png,0,D:\dataset\train\11511_GT.png
D:\dataset\train\11076.png,0,D:\dataset\train\11076_GT.png
D:\dataset\train\10719.png,0,D:\dataset\train\10719_GT.png
D:\dataset\train\11692.png,0,D:\dataset\train\11692_GT.png
D:\dataset\train\10951.png,1,D:\dataset\train\10951_GT.png
D:\dataset\train\10604.png,0,D:\dataset\train\10604_GT.png
D:\dataset\train\11082.png,0,D:\dataset\train\11082_GT.png
D:\dataset\train\10529.png,0,D:\dataset\train\10529_GT.png
D:\dataset\train\10953.png,0,D:\dataset\train\10953_GT.png
D:\dataset\train\10757.png,0,D:\dataset\train\10757_GT.png
D:\dataset\train\11531.png,0,D:\dataset\train\11531_GT.png
D:\dataset\train\10250.png,0,D:\dataset\train\10250_GT.png
D:\dataset\train\10084.png,1,D:\dataset\train\10084_GT.png
D:\dataset\train\11720.png,0,D:\dataset\train\11720_GT.png
D:\dataset\train\10078.png,0,D:\dataset\train\10078_GT.png
D:\dataset\train\10613.png,0,D:\dataset\train\10613_GT.png
D:\dataset\train\10147.png,0,D:\dataset\train\10147_GT.png
D:\dataset\train\11171.png,0,D:\dataset\train\11171_GT.png
D:\dataset\train\11884.png,1,D:\dataset\train\11884_GT.png
D:\dataset\train\10031.png,0,D:\dataset\train\10031_GT.png
D:\dataset\train\10883.png,0,D:\dataset\train\10883_GT.png
D:\dataset\train\11813.png,0,D:\dataset\train\11813_GT.png
D:\dataset\train\10758.png,0,D:\dataset\train\10758_GT.png
D:\dataset\train\12050.png,1,D:\dataset\train\12050_GT.png
D:\dataset\train\11642.png,1,D:\dataset\train\11642_GT.png
D:\dataset\train\11010.png,0,D:\dataset\train\11010_GT.png
D:\dataset\train\11580.png,0,D:\dataset\train\11580_GT.png
D:\dataset\train\11865.png,0,D:\dataset\train\11865_GT.png
D:\dataset\train\11547.png,0,D:\dataset\train\11547_GT.png
D:\dataset\train\11558.png,0,D:\dataset\train\11558_GT.png
D:\dataset\train\11130.png,0,D:\dataset\train\11130_GT.png
D:\dataset\train\11444.png,1,D:\dataset\train\11444_GT.png
D:\dataset\train\11627.png,0,D:\dataset\train\11627_GT.png
D:\dataset\train\11123.png,0,D:\dataset\train\11123_GT.png
D:\dataset\train\11015.png,0,D:\dataset\train\11015_GT.png
D:\dataset\train\10560.png,0,D:\dataset\train\10560_GT.png
D:\dataset\train\11774.png,0,D:\dataset\train\11774_GT.png
D:\dataset\train\10771.png,0,D:\dataset\train\10771_GT.png
D:\dataset\train\10298.png,0,D:\dataset\train\10298_GT.png
D:\dataset\train\10453.png,0,D:\dataset\train\10453_GT.png
D:\dataset\train\11237.png,0,D:\dataset\train\11237_GT.png
D:\dataset\train\11044.png,0,D:\dataset\train\11044_GT.png
D:\dataset\train\11672.png,0,D:\dataset\train\11672_GT.png
D:\dataset\train\11283.png,0,D:\dataset\train\11283_GT.png
D:\dataset\train\10137.png,0,D:\dataset\train\10137_GT.png
D:\dataset\train\11674.png,0,D:\dataset\train\11674_GT.png
D:\dataset\train\11646.png,0,D:\dataset\train\11646_GT.png
D:\dataset\train\10536.png,1,D:\dataset\train\10536_GT.png
D:\dataset\train\11246.png,0,D:\dataset\train\11246_GT.png
D:\dataset\train\11141.png,0,D:\dataset\train\11141_GT.png
D:\dataset\train\11694.png,0,D:\dataset\train\11694_GT.png
D:\dataset\train\11594.png,0,D:\dataset\train\11594_GT.png
D:\dataset\train\11557.png,0,D:\dataset\train\11557_GT.png
D:\dataset\train\10508.png,0,D:\dataset\train\10508_GT.png
D:\dataset\train\12288.png,1,D:\dataset\train\12288_GT.png
D:\dataset\train\11522.png,0,D:\dataset\train\11522_GT.png
D:\dataset\train\10265.png,0,D:\dataset\train\10265_GT.png
D:\dataset\train\11363.png,1,D:\dataset\train\11363_GT.png
D:\dataset\train\10818.png,0,D:\dataset\train\10818_GT.png
D:\dataset\train\10943.png,0,D:\dataset\train\10943_GT.png
D:\dataset\train\11232.png,0,D:\dataset\train\11232_GT.png
D:\dataset\train\10064.png,0,D:\dataset\train\10064_GT.png
D:\dataset\train\11922.png,0,D:\dataset\train\11922_GT.png
D:\dataset\train\11822.png,0,D:\dataset\train\11822_GT.png
D:\dataset\train\12158.png,0,D:\dataset\train\12158_GT.png
D:\dataset\train\12071.png,1,D:\dataset\train\12071_GT.png
D:\dataset\train\12204.png,0,D:\dataset\train\12204_GT.png
D:\dataset\train\12241.png,0,D:\dataset\train\12241_GT.png
D:\dataset\train\11000.png,0,D:\dataset\train\11000_GT.png
D:\dataset\train\11530.png,0,D:\dataset\train\11530_GT.png
D:\dataset\train\10564.png,0,D:\dataset\train\10564_GT.png
D:\dataset\train\10483.png,0,D:\dataset\train\10483_GT.png
D:\dataset\train\10175.png,0,D:\dataset\train\10175_GT.png
D:\dataset\train\10605.png,0,D:\dataset\train\10605_GT.png
D:\dataset\train\11068.png,0,D:\dataset\train\11068_GT.png
D:\dataset\train\11710.png,0,D:\dataset\train\11710_GT.png
D:\dataset\train\11708.png,0,D:\dataset\train\11708_GT.png
D:\dataset\train\11576.png,0,D:\dataset\train\11576_GT.png
D:\dataset\train\12018.png,0,D:\dataset\train\12018_GT.png
D:\dataset\train\10958.png,0,D:\dataset\train\10958_GT.png
D:\dataset\train\11491.png,0,D:\dataset\train\11491_GT.png
D:\dataset\train\11850.png,0,D:\dataset\train\11850_GT.png
D:\dataset\train\11329.png,0,D:\dataset\train\11329_GT.png
D:\dataset\train\10545.png,0,D:\dataset\train\10545_GT.png
D:\dataset\train\11801.png,0,D:\dataset\train\11801_GT.png
D:\dataset\train\10273.png,1,D:\dataset\train\10273_GT.png
D:\dataset\train\11172.png,0,D:\dataset\train\11172_GT.png
D:\dataset\train\11696.png,0,D:\dataset\train\11696_GT.png
D:\dataset\train\11903.png,0,D:\dataset\train\11903_GT.png
D:\dataset\train\10386.png,0,D:\dataset\train\10386_GT.png
D:\dataset\train\11059.png,0,D:\dataset\train\11059_GT.png
D:\dataset\train\11080.png,0,D:\dataset\train\11080_GT.png
D:\dataset\train\10655.png,0,D:\dataset\train\10655_GT.png
D:\dataset\train\10978.png,0,D:\dataset\train\10978_GT.png
D:\dataset\train\11490.png,0,D:\dataset\train\11490_GT.png
D:\dataset\train\11571.png,0,D:\dataset\train\11571_GT.png
D:\dataset\train\10696.png,0,D:\dataset\train\10696_GT.png
D:\dataset\train\11760.png,0,D:\dataset\train\11760_GT.png
D:\dataset\train\10876.png,0,D:\dataset\train\10876_GT.png
D:\dataset\train\10492.png,0,D:\dataset\train\10492_GT.png
D:\dataset\train\10800.png,0,D:\dataset\train\10800_GT.png
D:\dataset\train\12020.png,0,D:\dataset\train\12020_GT.png
D:\dataset\train\10279.png,0,D:\dataset\train\10279_GT.png
D:\dataset\train\12102.png,0,D:\dataset\train\12102_GT.png
D:\dataset\train\11775.png,1,D:\dataset\train\11775_GT.png
D:\dataset\train\10793.png,0,D:\dataset\train\10793_GT.png
D:\dataset\train\11451.png,0,D:\dataset\train\11451_GT.png
D:\dataset\train\10592.png,0,D:\dataset\train\10592_GT.png
D:\dataset\train\12246.png,0,D:\dataset\train\12246_GT.png
D:\dataset\train\11916.png,0,D:\dataset\train\11916_GT.png
D:\dataset\train\10292.png,0,D:\dataset\train\10292_GT.png
D:\dataset\train\10895.png,0,D:\dataset\train\10895_GT.png
D:\dataset\train\11888.png,0,D:\dataset\train\11888_GT.png
D:\dataset\train\10002.png,0,D:\dataset\train\10002_GT.png
D:\dataset\train\11835.png,0,D:\dataset\train\11835_GT.png
D:\dataset\train\12193.png,0,D:\dataset\train\12193_GT.png
D:\dataset\train\11550.png,0,D:\dataset\train\11550_GT.png
D:\dataset\train\11377.png,0,D:\dataset\train\11377_GT.png
D:\dataset\train\12019.png,0,D:\dataset\train\12019_GT.png
D:\dataset\train\10125.png,0,D:\dataset\train\10125_GT.png
D:\dataset\train\11602.png,0,D:\dataset\train\11602_GT.png
D:\dataset\train\10690.png,0,D:\dataset\train\10690_GT.png
D:\dataset\train\10686.png,0,D:\dataset\train\10686_GT.png
D:\dataset\train\10344.png,1,D:\dataset\train\10344_GT.png
D:\dataset\train\10433.png,0,D:\dataset\train\10433_GT.png
D:\dataset\train\10407.png,0,D:\dataset\train\10407_GT.png
D:\dataset\train\12203.png,0,D:\dataset\train\12203_GT.png
D:\dataset\train\12275.png,0,D:\dataset\train\12275_GT.png
D:\dataset\train\12182.png,0,D:\dataset\train\12182_GT.png
D:\dataset\train\10769.png,0,D:\dataset\train\10769_GT.png
D:\dataset\train\11639.png,0,D:\dataset\train\11639_GT.png
D:\dataset\train\11570.png,0,D:\dataset\train\11570_GT.png
D:\dataset\train\11761.png,0,D:\dataset\train\11761_GT.png
D:\dataset\train\11731.png,0,D:\dataset\train\11731_GT.png
D:\dataset\train\10739.png,0,D:\dataset\train\10739_GT.png
D:\dataset\train\11050.png,0,D:\dataset\train\11050_GT.png
D:\dataset\train\11430.png,1,D:\dataset\train\11430_GT.png
D:\dataset\train\10136.png,0,D:\dataset\train\10136_GT.png
D:\dataset\train\11060.png,0,D:\dataset\train\11060_GT.png
D:\dataset\train\10588.png,0,D:\dataset\train\10588_GT.png
D:\dataset\train\11734.png,0,D:\dataset\train\11734_GT.png
D:\dataset\train\11519.png,0,D:\dataset\train\11519_GT.png
D:\dataset\train\10616.png,0,D:\dataset\train\10616_GT.png
D:\dataset\train\11473.png,0,D:\dataset\train\11473_GT.png
D:\dataset\train\10464.png,0,D:\dataset\train\10464_GT.png
D:\dataset\train\10482.png,0,D:\dataset\train\10482_GT.png
D:\dataset\train\11134.png,0,D:\dataset\train\11134_GT.png
D:\dataset\train\11579.png,0,D:\dataset\train\11579_GT.png
D:\dataset\train\10044.png,0,D:\dataset\train\10044_GT.png
D:\dataset\train\10328.png,0,D:\dataset\train\10328_GT.png
D:\dataset\train\11982.png,0,D:\dataset\train\11982_GT.png
D:\dataset\train\11404.png,1,D:\dataset\train\11404_GT.png
D:\dataset\train\12100.png,0,D:\dataset\train\12100_GT.png
D:\dataset\train\12114.png,0,D:\dataset\train\12114_GT.png
D:\dataset\train\11400.png,0,D:\dataset\train\11400_GT.png
D:\dataset\train\11027.png,0,D:\dataset\train\11027_GT.png
D:\dataset\train\10065.png,1,D:\dataset\train\10065_GT.png
D:\dataset\train\12224.png,0,D:\dataset\train\12224_GT.png
D:\dataset\train\11610.png,0,D:\dataset\train\11610_GT.png
D:\dataset\train\12039.png,0,D:\dataset\train\12039_GT.png
D:\dataset\train\10159.png,1,D:\dataset\train\10159_GT.png
D:\dataset\train\11344.png,0,D:\dataset\train\11344_GT.png
D:\dataset\train\11177.png,0,D:\dataset\train\11177_GT.png
D:\dataset\train\12136.png,0,D:\dataset\train\12136_GT.png
D:\dataset\train\12316.png,0,D:\dataset\train\12316_GT.png
D:\dataset\train\12166.png,0,D:\dataset\train\12166_GT.png
D:\dataset\train\12032.png,0,D:\dataset\train\12032_GT.png
D:\dataset\train\10333.png,0,D:\dataset\train\10333_GT.png
D:\dataset\train\12131.png,1,D:\dataset\train\12131_GT.png
D:\dataset\train\10015.png,0,D:\dataset\train\10015_GT.png
D:\dataset\train\10579.png,0,D:\dataset\train\10579_GT.png
D:\dataset\train\11336.png,0,D:\dataset\train\11336_GT.png
D:\dataset\train\11462.png,0,D:\dataset\train\11462_GT.png
D:\dataset\train\11510.png,0,D:\dataset\train\11510_GT.png
D:\dataset\train\11690.png,0,D:\dataset\train\11690_GT.png
D:\dataset\train\11702.png,0,D:\dataset\train\11702_GT.png
D:\dataset\train\10751.png,0,D:\dataset\train\10751_GT.png
D:\dataset\train\10803.png,0,D:\dataset\train\10803_GT.png
D:\dataset\train\11597.png,0,D:\dataset\train\11597_GT.png
D:\dataset\train\11667.png,0,D:\dataset\train\11667_GT.png
D:\dataset\train\11896.png,0,D:\dataset\train\11896_GT.png
D:\dataset\train\12165.png,0,D:\dataset\train\12165_GT.png
D:\dataset\train\10873.png,0,D:\dataset\train\10873_GT.png
D:\dataset\train\10423.png,1,D:\dataset\train\10423_GT.png
D:\dataset\train\10324.png,0,D:\dataset\train\10324_GT.png
D:\dataset\train\12229.png,0,D:\dataset\train\12229_GT.png
D:\dataset\train\11030.png,0,D:\dataset\train\11030_GT.png
D:\dataset\train\10003.png,0,D:\dataset\train\10003_GT.png
D:\dataset\train\10898.png,0,D:\dataset\train\10898_GT.png
D:\dataset\train\10893.png,1,D:\dataset\train\10893_GT.png
D:\dataset\train\11971.png,0,D:\dataset\train\11971_GT.png
D:\dataset\train\11917.png,1,D:\dataset\train\11917_GT.png
D:\dataset\train\11763.png,0,D:\dataset\train\11763_GT.png
D:\dataset\train\10114.png,0,D:\dataset\train\10114_GT.png
D:\dataset\train\12217.png,0,D:\dataset\train\12217_GT.png
D:\dataset\train\10047.png,1,D:\dataset\train\10047_GT.png
D:\dataset\train\11681.png,0,D:\dataset\train\11681_GT.png
D:\dataset\train\11840.png,0,D:\dataset\train\11840_GT.png
D:\dataset\train\12265.png,0,D:\dataset\train\12265_GT.png
D:\dataset\train\10519.png,0,D:\dataset\train\10519_GT.png
D:\dataset\train\11525.png,0,D:\dataset\train\11525_GT.png
D:\dataset\train\10968.png,0,D:\dataset\train\10968_GT.png
D:\dataset\train\11821.png,0,D:\dataset\train\11821_GT.png
D:\dataset\train\10359.png,0,D:\dataset\train\10359_GT.png
D:\dataset\train\11275.png,0,D:\dataset\train\11275_GT.png
D:\dataset\train\10389.png,0,D:\dataset\train\10389_GT.png
D:\dataset\train\10513.png,0,D:\dataset\train\10513_GT.png
D:\dataset\train\11745.png,0,D:\dataset\train\11745_GT.png
D:\dataset\train\11575.png,0,D:\dataset\train\11575_GT.png
D:\dataset\train\11722.png,0,D:\dataset\train\11722_GT.png
D:\dataset\train\12153.png,0,D:\dataset\train\12153_GT.png
D:\dataset\train\12172.png,0,D:\dataset\train\12172_GT.png
D:\dataset\train\10408.png,0,D:\dataset\train\10408_GT.png
D:\dataset\train\10754.png,0,D:\dataset\train\10754_GT.png
D:\dataset\train\12314.png,1,D:\dataset\train\12314_GT.png
D:\dataset\train\10641.png,0,D:\dataset\train\10641_GT.png
D:\dataset\train\10811.png,0,D:\dataset\train\10811_GT.png
D:\dataset\train\11372.png,0,D:\dataset\train\11372_GT.png
D:\dataset\train\10829.png,0,D:\dataset\train\10829_GT.png
D:\dataset\train\11778.png,0,D:\dataset\train\11778_GT.png
D:\dataset\train\12251.png,0,D:\dataset\train\12251_GT.png
D:\dataset\train\12292.png,0,D:\dataset\train\12292_GT.png
D:\dataset\train\11776.png,0,D:\dataset\train\11776_GT.png
D:\dataset\train\10559.png,0,D:\dataset\train\10559_GT.png
D:\dataset\train\10205.png,0,D:\dataset\train\10205_GT.png
D:\dataset\train\10547.png,0,D:\dataset\train\10547_GT.png
D:\dataset\train\11474.png,0,D:\dataset\train\11474_GT.png
D:\dataset\train\11978.png,0,D:\dataset\train\11978_GT.png
D:\dataset\train\10562.png,0,D:\dataset\train\10562_GT.png
D:\dataset\train\11192.png,0,D:\dataset\train\11192_GT.png
D:\dataset\train\10750.png,0,D:\dataset\train\10750_GT.png
D:\dataset\train\10197.png,0,D:\dataset\train\10197_GT.png
D:\dataset\train\11977.png,0,D:\dataset\train\11977_GT.png
D:\dataset\train\11460.png,0,D:\dataset\train\11460_GT.png
D:\dataset\train\10284.png,0,D:\dataset\train\10284_GT.png
D:\dataset\train\11684.png,0,D:\dataset\train\11684_GT.png
D:\dataset\train\11026.png,0,D:\dataset\train\11026_GT.png
D:\dataset\train\11697.png,0,D:\dataset\train\11697_GT.png
D:\dataset\train\11927.png,1,D:\dataset\train\11927_GT.png
D:\dataset\train\10985.png,0,D:\dataset\train\10985_GT.png
D:\dataset\train\10183.png,0,D:\dataset\train\10183_GT.png
D:\dataset\train\11819.png,0,D:\dataset\train\11819_GT.png
D:\dataset\train\10821.png,1,D:\dataset\train\10821_GT.png
D:\dataset\train\11919.png,0,D:\dataset\train\11919_GT.png
D:\dataset\train\11815.png,0,D:\dataset\train\11815_GT.png
D:\dataset\train\11520.png,0,D:\dataset\train\11520_GT.png
D:\dataset\train\11159.png,0,D:\dataset\train\11159_GT.png
D:\dataset\train\10347.png,0,D:\dataset\train\10347_GT.png
D:\dataset\train\11406.png,0,D:\dataset\train\11406_GT.png
D:\dataset\train\10551.png,0,D:\dataset\train\10551_GT.png
D:\dataset\train\10042.png,0,D:\dataset\train\10042_GT.png
D:\dataset\train\10826.png,0,D:\dataset\train\10826_GT.png
D:\dataset\train\12230.png,0,D:\dataset\train\12230_GT.png
D:\dataset\train\11128.png,0,D:\dataset\train\11128_GT.png
D:\dataset\train\11613.png,0,D:\dataset\train\11613_GT.png
D:\dataset\train\11271.png,0,D:\dataset\train\11271_GT.png
D:\dataset\train\11388.png,1,D:\dataset\train\11388_GT.png
D:\dataset\train\10512.png,0,D:\dataset\train\10512_GT.png
D:\dataset\train\11197.png,0,D:\dataset\train\11197_GT.png
D:\dataset\train\11538.png,0,D:\dataset\train\11538_GT.png
D:\dataset\train\10032.png,0,D:\dataset\train\10032_GT.png
D:\dataset\train\10395.png,0,D:\dataset\train\10395_GT.png
D:\dataset\train\10004.png,0,D:\dataset\train\10004_GT.png
D:\dataset\train\11346.png,0,D:\dataset\train\11346_GT.png
D:\dataset\train\11628.png,0,D:\dataset\train\11628_GT.png
D:\dataset\train\10971.png,0,D:\dataset\train\10971_GT.png
D:\dataset\train\10345.png,1,D:\dataset\train\10345_GT.png
D:\dataset\train\10093.png,0,D:\dataset\train\10093_GT.png
D:\dataset\train\10566.png,0,D:\dataset\train\10566_GT.png
D:\dataset\train\12099.png,0,D:\dataset\train\12099_GT.png
D:\dataset\train\11726.png,0,D:\dataset\train\11726_GT.png
D:\dataset\train\10138.png,0,D:\dataset\train\10138_GT.png
D:\dataset\train\12310.png,0,D:\dataset\train\12310_GT.png
D:\dataset\train\11145.png,0,D:\dataset\train\11145_GT.png
D:\dataset\train\10146.png,0,D:\dataset\train\10146_GT.png
D:\dataset\train\11107.png,0,D:\dataset\train\11107_GT.png
D:\dataset\train\10689.png,0,D:\dataset\train\10689_GT.png
D:\dataset\train\11789.png,0,D:\dataset\train\11789_GT.png
D:\dataset\train\10079.png,0,D:\dataset\train\10079_GT.png
D:\dataset\train\10947.png,0,D:\dataset\train\10947_GT.png
D:\dataset\train\11357.png,0,D:\dataset\train\11357_GT.png
D:\dataset\train\12190.png,0,D:\dataset\train\12190_GT.png
D:\dataset\train\10331.png,0,D:\dataset\train\10331_GT.png
D:\dataset\train\10597.png,0,D:\dataset\train\10597_GT.png
D:\dataset\train\11260.png,0,D:\dataset\train\11260_GT.png
D:\dataset\train\11442.png,0,D:\dataset\train\11442_GT.png
D:\dataset\train\10128.png,0,D:\dataset\train\10128_GT.png
D:\dataset\train\11281.png,0,D:\dataset\train\11281_GT.png
D:\dataset\train\10365.png,0,D:\dataset\train\10365_GT.png
D:\dataset\train\11385.png,0,D:\dataset\train\11385_GT.png
D:\dataset\train\10541.png,0,D:\dataset\train\10541_GT.png
D:\dataset\train\12133.png,0,D:\dataset\train\12133_GT.png
D:\dataset\train\10908.png,0,D:\dataset\train\10908_GT.png
D:\dataset\train\11287.png,0,D:\dataset\train\11287_GT.png
D:\dataset\train\11405.png,0,D:\dataset\train\11405_GT.png
D:\dataset\train\12091.png,0,D:\dataset\train\12091_GT.png
D:\dataset\train\12283.png,0,D:\dataset\train\12283_GT.png
D:\dataset\train\10274.png,0,D:\dataset\train\10274_GT.png
D:\dataset\train\11816.png,0,D:\dataset\train\11816_GT.png
D:\dataset\train\11984.png,0,D:\dataset\train\11984_GT.png
D:\dataset\train\12326.png,0,D:\dataset\train\12326_GT.png
D:\dataset\train\10861.png,0,D:\dataset\train\10861_GT.png
D:\dataset\train\12083.png,0,D:\dataset\train\12083_GT.png
D:\dataset\train\10055.png,0,D:\dataset\train\10055_GT.png
D:\dataset\train\11111.png,0,D:\dataset\train\11111_GT.png
D:\dataset\train\10981.png,0,D:\dataset\train\10981_GT.png
D:\dataset\train\12003.png,0,D:\dataset\train\12003_GT.png
D:\dataset\train\12154.png,0,D:\dataset\train\12154_GT.png
D:\dataset\train\10585.png,1,D:\dataset\train\10585_GT.png
D:\dataset\train\11928.png,0,D:\dataset\train\11928_GT.png
D:\dataset\train\10888.png,0,D:\dataset\train\10888_GT.png
D:\dataset\train\10688.png,0,D:\dataset\train\10688_GT.png
D:\dataset\train\11663.png,0,D:\dataset\train\11663_GT.png
D:\dataset\train\11195.png,1,D:\dataset\train\11195_GT.png
D:\dataset\train\11930.png,0,D:\dataset\train\11930_GT.png
D:\dataset\train\12295.png,0,D:\dataset\train\12295_GT.png
D:\dataset\train\11040.png,1,D:\dataset\train\11040_GT.png
D:\dataset\train\10486.png,0,D:\dataset\train\10486_GT.png
D:\dataset\train\11415.png,0,D:\dataset\train\11415_GT.png
D:\dataset\train\12304.png,0,D:\dataset\train\12304_GT.png
D:\dataset\train\12139.png,0,D:\dataset\train\12139_GT.png
D:\dataset\train\10737.png,0,D:\dataset\train\10737_GT.png
D:\dataset\train\10481.png,0,D:\dataset\train\10481_GT.png
D:\dataset\train\12274.png,1,D:\dataset\train\12274_GT.png
D:\dataset\train\10776.png,0,D:\dataset\train\10776_GT.png
D:\dataset\train\10749.png,0,D:\dataset\train\10749_GT.png
D:\dataset\train\10001.png,0,D:\dataset\train\10001_GT.png
D:\dataset\train\11653.png,0,D:\dataset\train\11653_GT.png
D:\dataset\train\10398.png,0,D:\dataset\train\10398_GT.png
D:\dataset\train\10011.png,0,D:\dataset\train\10011_GT.png
D:\dataset\train\11379.png,0,D:\dataset\train\11379_GT.png
D:\dataset\train\11915.png,0,D:\dataset\train\11915_GT.png
D:\dataset\train\10932.png,0,D:\dataset\train\10932_GT.png
D:\dataset\train\12142.png,0,D:\dataset\train\12142_GT.png
D:\dataset\train\11011.png,0,D:\dataset\train\11011_GT.png
D:\dataset\train\11459.png,0,D:\dataset\train\11459_GT.png
D:\dataset\train\10253.png,0,D:\dataset\train\10253_GT.png
D:\dataset\train\12069.png,0,D:\dataset\train\12069_GT.png
D:\dataset\train\10945.png,0,D:\dataset\train\10945_GT.png
D:\dataset\train\11567.png,0,D:\dataset\train\11567_GT.png
D:\dataset\train\10577.png,0,D:\dataset\train\10577_GT.png
D:\dataset\train\10266.png,1,D:\dataset\train\10266_GT.png
D:\dataset\train\11700.png,0,D:\dataset\train\11700_GT.png
D:\dataset\train\11588.png,0,D:\dataset\train\11588_GT.png
D:\dataset\train\10122.png,0,D:\dataset\train\10122_GT.png
D:\dataset\train\12132.png,0,D:\dataset\train\12132_GT.png
D:\dataset\train\10144.png,0,D:\dataset\train\10144_GT.png
D:\dataset\train\11428.png,0,D:\dataset\train\11428_GT.png
D:\dataset\train\11476.png,0,D:\dataset\train\11476_GT.png
D:\dataset\train\10685.png,0,D:\dataset\train\10685_GT.png
D:\dataset\train\11574.png,1,D:\dataset\train\11574_GT.png
D:\dataset\train\11812.png,0,D:\dataset\train\11812_GT.png
D:\dataset\train\12006.png,0,D:\dataset\train\12006_GT.png
D:\dataset\train\10935.png,0,D:\dataset\train\10935_GT.png
D:\dataset\train\10915.png,0,D:\dataset\train\10915_GT.png
D:\dataset\train\10242.png,0,D:\dataset\train\10242_GT.png
D:\dataset\train\10767.png,0,D:\dataset\train\10767_GT.png
D:\dataset\train\12087.png,0,D:\dataset\train\12087_GT.png
D:\dataset\train\10385.png,0,D:\dataset\train\10385_GT.png
D:\dataset\train\11101.png,1,D:\dataset\train\11101_GT.png
D:\dataset\train\10502.png,1,D:\dataset\train\10502_GT.png
D:\dataset\train\11809.png,0,D:\dataset\train\11809_GT.png
D:\dataset\train\10847.png,0,D:\dataset\train\10847_GT.png
D:\dataset\train\12320.png,0,D:\dataset\train\12320_GT.png
D:\dataset\train\10991.png,0,D:\dataset\train\10991_GT.png
D:\dataset\train\10479.png,0,D:\dataset\train\10479_GT.png
D:\dataset\train\11605.png,0,D:\dataset\train\11605_GT.png
D:\dataset\train\11879.png,0,D:\dataset\train\11879_GT.png
D:\dataset\train\11137.png,0,D:\dataset\train\11137_GT.png
D:\dataset\train\10109.png,0,D:\dataset\train\10109_GT.png
D:\dataset\train\11241.png,0,D:\dataset\train\11241_GT.png
D:\dataset\train\11540.png,0,D:\dataset\train\11540_GT.png
D:\dataset\train\10886.png,0,D:\dataset\train\10886_GT.png
D:\dataset\train\11898.png,0,D:\dataset\train\11898_GT.png
D:\dataset\train\10000.png,0,D:\dataset\train\10000_GT.png
D:\dataset\train\11629.png,1,D:\dataset\train\11629_GT.png
D:\dataset\train\12315.png,1,D:\dataset\train\12315_GT.png
D:\dataset\train\11217.png,0,D:\dataset\train\11217_GT.png
D:\dataset\train\11110.png,0,D:\dataset\train\11110_GT.png
D:\dataset\train\11502.png,0,D:\dataset\train\11502_GT.png
D:\dataset\train\10711.png,1,D:\dataset\train\10711_GT.png
D:\dataset\train\10427.png,0,D:\dataset\train\10427_GT.png
D:\dataset\train\12270.png,0,D:\dataset\train\12270_GT.png
D:\dataset\train\11810.png,1,D:\dataset\train\11810_GT.png
D:\dataset\train\11854.png,0,D:\dataset\train\11854_GT.png
D:\dataset\train\11435.png,0,D:\dataset\train\11435_GT.png
D:\dataset\train\10865.png,0,D:\dataset\train\10865_GT.png
D:\dataset\train\12015.png,0,D:\dataset\train\12015_GT.png
D:\dataset\train\12115.png,0,D:\dataset\train\12115_GT.png
D:\dataset\train\11250.png,1,D:\dataset\train\11250_GT.png
D:\dataset\train\10831.png,0,D:\dataset\train\10831_GT.png
D:\dataset\train\12106.png,0,D:\dataset\train\12106_GT.png
D:\dataset\train\12056.png,1,D:\dataset\train\12056_GT.png
D:\dataset\train\10734.png,0,D:\dataset\train\10734_GT.png
D:\dataset\train\10005.png,0,D:\dataset\train\10005_GT.png
D:\dataset\train\10443.png,0,D:\dataset\train\10443_GT.png
D:\dataset\train\11554.png,0,D:\dataset\train\11554_GT.png
D:\dataset\train\11018.png,0,D:\dataset\train\11018_GT.png
D:\dataset\train\11115.png,0,D:\dataset\train\11115_GT.png
D:\dataset\train\12068.png,0,D:\dataset\train\12068_GT.png
D:\dataset\train\11024.png,0,D:\dataset\train\11024_GT.png
D:\dataset\train\10599.png,0,D:\dataset\train\10599_GT.png
D:\dataset\train\11330.png,0,D:\dataset\train\11330_GT.png
D:\dataset\train\10810.png,0,D:\dataset\train\10810_GT.png
D:\dataset\train\10701.png,0,D:\dataset\train\10701_GT.png
D:\dataset\train\11423.png,0,D:\dataset\train\11423_GT.png
D:\dataset\train\10503.png,0,D:\dataset\train\10503_GT.png
D:\dataset\train\10319.png,0,D:\dataset\train\10319_GT.png
D:\dataset\train\10525.png,0,D:\dataset\train\10525_GT.png
D:\dataset\train\11736.png,0,D:\dataset\train\11736_GT.png
D:\dataset\train\10361.png,0,D:\dataset\train\10361_GT.png
D:\dataset\train\11566.png,0,D:\dataset\train\11566_GT.png
D:\dataset\train\10740.png,0,D:\dataset\train\10740_GT.png
D:\dataset\train\11741.png,0,D:\dataset\train\11741_GT.png
D:\dataset\train\11999.png,0,D:\dataset\train\11999_GT.png
D:\dataset\train\11624.png,0,D:\dataset\train\11624_GT.png
D:\dataset\train\10295.png,0,D:\dataset\train\10295_GT.png
D:\dataset\train\11589.png,0,D:\dataset\train\11589_GT.png
D:\dataset\train\11139.png,1,D:\dataset\train\11139_GT.png
D:\dataset\train\12287.png,1,D:\dataset\train\12287_GT.png
D:\dataset\train\11184.png,0,D:\dataset\train\11184_GT.png
D:\dataset\train\10351.png,0,D:\dataset\train\10351_GT.png
D:\dataset\train\11508.png,0,D:\dataset\train\11508_GT.png
D:\dataset\train\10964.png,0,D:\dataset\train\10964_GT.png
D:\dataset\train\10308.png,1,D:\dataset\train\10308_GT.png
D:\dataset\train\12195.png,0,D:\dataset\train\12195_GT.png
D:\dataset\train\11798.png,0,D:\dataset\train\11798_GT.png
D:\dataset\train\11392.png,0,D:\dataset\train\11392_GT.png
D:\dataset\train\10009.png,0,D:\dataset\train\10009_GT.png
D:\dataset\train\11469.png,0,D:\dataset\train\11469_GT.png
D:\dataset\train\11744.png,0,D:\dataset\train\11744_GT.png
D:\dataset\train\11022.png,0,D:\dataset\train\11022_GT.png
D:\dataset\train\10470.png,0,D:\dataset\train\10470_GT.png
D:\dataset\train\11658.png,1,D:\dataset\train\11658_GT.png
D:\dataset\train\11537.png,0,D:\dataset\train\11537_GT.png
D:\dataset\train\11051.png,0,D:\dataset\train\11051_GT.png
D:\dataset\train\10721.png,0,D:\dataset\train\10721_GT.png
D:\dataset\train\11118.png,0,D:\dataset\train\11118_GT.png
D:\dataset\train\10918.png,0,D:\dataset\train\10918_GT.png
D:\dataset\train\10887.png,0,D:\dataset\train\10887_GT.png
D:\dataset\train\10412.png,0,D:\dataset\train\10412_GT.png
D:\dataset\train\11611.png,0,D:\dataset\train\11611_GT.png
D:\dataset\train\10717.png,0,D:\dataset\train\10717_GT.png
D:\dataset\train\12097.png,0,D:\dataset\train\12097_GT.png
D:\dataset\train\10838.png,0,D:\dataset\train\10838_GT.png
D:\dataset\train\11950.png,0,D:\dataset\train\11950_GT.png
D:\dataset\train\12192.png,0,D:\dataset\train\12192_GT.png
D:\dataset\train\12163.png,0,D:\dataset\train\12163_GT.png
D:\dataset\train\12112.png,0,D:\dataset\train\12112_GT.png
D:\dataset\train\11489.png,0,D:\dataset\train\11489_GT.png
D:\dataset\train\10969.png,0,D:\dataset\train\10969_GT.png
D:\dataset\train\11034.png,0,D:\dataset\train\11034_GT.png
D:\dataset\train\11109.png,0,D:\dataset\train\11109_GT.png
D:\dataset\train\10914.png,0,D:\dataset\train\10914_GT.png
D:\dataset\train\11725.png,0,D:\dataset\train\11725_GT.png
D:\dataset\train\11349.png,0,D:\dataset\train\11349_GT.png
D:\dataset\train\10671.png,0,D:\dataset\train\10671_GT.png
D:\dataset\train\10500.png,0,D:\dataset\train\10500_GT.png
D:\dataset\train\10556.png,0,D:\dataset\train\10556_GT.png
D:\dataset\train\11883.png,0,D:\dataset\train\11883_GT.png
D:\dataset\train\10849.png,1,D:\dataset\train\10849_GT.png
D:\dataset\train\11878.png,0,D:\dataset\train\11878_GT.png
D:\dataset\train\10105.png,0,D:\dataset\train\10105_GT.png
D:\dataset\train\11963.png,0,D:\dataset\train\11963_GT.png
D:\dataset\train\10276.png,0,D:\dataset\train\10276_GT.png
D:\dataset\train\12280.png,0,D:\dataset\train\12280_GT.png
D:\dataset\train\12085.png,0,D:\dataset\train\12085_GT.png
D:\dataset\train\10570.png,0,D:\dataset\train\10570_GT.png
D:\dataset\train\11398.png,1,D:\dataset\train\11398_GT.png
D:\dataset\train\10970.png,0,D:\dataset\train\10970_GT.png
D:\dataset\train\10245.png,0,D:\dataset\train\10245_GT.png
D:\dataset\train\12011.png,0,D:\dataset\train\12011_GT.png
D:\dataset\train\12196.png,0,D:\dataset\train\12196_GT.png
D:\dataset\train\11670.png,1,D:\dataset\train\11670_GT.png
D:\dataset\train\11120.png,0,D:\dataset\train\11120_GT.png
D:\dataset\train\10162.png,0,D:\dataset\train\10162_GT.png
D:\dataset\train\10726.png,0,D:\dataset\train\10726_GT.png
D:\dataset\train\10496.png,0,D:\dataset\train\10496_GT.png
D:\dataset\train\10807.png,0,D:\dataset\train\10807_GT.png
D:\dataset\train\10534.png,0,D:\dataset\train\10534_GT.png
D:\dataset\train\10665.png,0,D:\dataset\train\10665_GT.png
D:\dataset\train\12103.png,0,D:\dataset\train\12103_GT.png
D:\dataset\train\10394.png,0,D:\dataset\train\10394_GT.png
D:\dataset\train\12219.png,0,D:\dataset\train\12219_GT.png
D:\dataset\train\11953.png,0,D:\dataset\train\11953_GT.png
D:\dataset\train\11465.png,0,D:\dataset\train\11465_GT.png
D:\dataset\train\12302.png,0,D:\dataset\train\12302_GT.png
D:\dataset\train\11885.png,0,D:\dataset\train\11885_GT.png
D:\dataset\train\10643.png,0,D:\dataset\train\10643_GT.png
D:\dataset\train\10521.png,0,D:\dataset\train\10521_GT.png
D:\dataset\train\10980.png,0,D:\dataset\train\10980_GT.png
D:\dataset\train\10756.png,1,D:\dataset\train\10756_GT.png
D:\dataset\train\11998.png,0,D:\dataset\train\11998_GT.png
D:\dataset\train\10911.png,0,D:\dataset\train\10911_GT.png
D:\dataset\train\10963.png,0,D:\dataset\train\10963_GT.png
D:\dataset\train\10103.png,0,D:\dataset\train\10103_GT.png
D:\dataset\train\11719.png,0,D:\dataset\train\11719_GT.png
D:\dataset\train\10770.png,1,D:\dataset\train\10770_GT.png
D:\dataset\train\10989.png,0,D:\dataset\train\10989_GT.png
D:\dataset\train\10706.png,0,D:\dataset\train\10706_GT.png
D:\dataset\train\10367.png,1,D:\dataset\train\10367_GT.png
D:\dataset\train\10675.png,0,D:\dataset\train\10675_GT.png
D:\dataset\train\11553.png,1,D:\dataset\train\11553_GT.png
D:\dataset\train\10008.png,0,D:\dataset\train\10008_GT.png
D:\dataset\train\11485.png,0,D:\dataset\train\11485_GT.png
D:\dataset\train\12029.png,0,D:\dataset\train\12029_GT.png
D:\dataset\train\10922.png,0,D:\dataset\train\10922_GT.png
D:\dataset\train\10198.png,0,D:\dataset\train\10198_GT.png
D:\dataset\train\11301.png,0,D:\dataset\train\11301_GT.png
D:\dataset\train\11549.png,1,D:\dataset\train\11549_GT.png
D:\dataset\train\10337.png,1,D:\dataset\train\10337_GT.png
D:\dataset\train\12047.png,0,D:\dataset\train\12047_GT.png
D:\dataset\train\10694.png,0,D:\dataset\train\10694_GT.png
D:\dataset\train\12044.png,0,D:\dataset\train\12044_GT.png
D:\dataset\train\11818.png,0,D:\dataset\train\11818_GT.png
D:\dataset\train\11851.png,1,D:\dataset\train\11851_GT.png
D:\dataset\train\12207.png,0,D:\dataset\train\12207_GT.png
D:\dataset\train\10622.png,0,D:\dataset\train\10622_GT.png
D:\dataset\train\12221.png,0,D:\dataset\train\12221_GT.png
D:\dataset\train\12073.png,0,D:\dataset\train\12073_GT.png
D:\dataset\train\12130.png,0,D:\dataset\train\12130_GT.png
D:\dataset\train\11106.png,0,D:\dataset\train\11106_GT.png
D:\dataset\train\10340.png,0,D:\dataset\train\10340_GT.png
D:\dataset\train\12200.png,0,D:\dataset\train\12200_GT.png
D:\dataset\train\10654.png,1,D:\dataset\train\10654_GT.png
D:\dataset\train\10844.png,1,D:\dataset\train\10844_GT.png
D:\dataset\train\10816.png,0,D:\dataset\train\10816_GT.png
D:\dataset\train\11478.png,0,D:\dataset\train\11478_GT.png
D:\dataset\train\11668.png,0,D:\dataset\train\11668_GT.png
D:\dataset\train\10238.png,0,D:\dataset\train\10238_GT.png
D:\dataset\train\11701.png,0,D:\dataset\train\11701_GT.png
D:\dataset\train\11029.png,0,D:\dataset\train\11029_GT.png
D:\dataset\train\10060.png,1,D:\dataset\train\10060_GT.png
D:\dataset\train\10710.png,0,D:\dataset\train\10710_GT.png
D:\dataset\train\11149.png,0,D:\dataset\train\11149_GT.png
D:\dataset\train\11601.png,1,D:\dataset\train\11601_GT.png
D:\dataset\train\11135.png,1,D:\dataset\train\11135_GT.png
D:\dataset\train\10859.png,0,D:\dataset\train\10859_GT.png
D:\dataset\train\10247.png,1,D:\dataset\train\10247_GT.png
D:\dataset\train\11174.png,0,D:\dataset\train\11174_GT.png
D:\dataset\train\10890.png,0,D:\dataset\train\10890_GT.png
D:\dataset\train\10106.png,0,D:\dataset\train\10106_GT.png
D:\dataset\train\10683.png,0,D:\dataset\train\10683_GT.png
D:\dataset\train\11964.png,0,D:\dataset\train\11964_GT.png
D:\dataset\train\10200.png,0,D:\dataset\train\10200_GT.png
D:\dataset\train\11057.png,0,D:\dataset\train\11057_GT.png
D:\dataset\train\11043.png,0,D:\dataset\train\11043_GT.png
D:\dataset\train\12235.png,0,D:\dataset\train\12235_GT.png
D:\dataset\train\12055.png,0,D:\dataset\train\12055_GT.png
D:\dataset\train\11370.png,0,D:\dataset\train\11370_GT.png
D:\dataset\train\12330.png,0,D:\dataset\train\12330_GT.png
D:\dataset\train\11874.png,1,D:\dataset\train\11874_GT.png
D:\dataset\train\12319.png,0,D:\dataset\train\12319_GT.png
D:\dataset\train\10310.png,0,D:\dataset\train\10310_GT.png
D:\dataset\train\10732.png,0,D:\dataset\train\10732_GT.png
D:\dataset\train\11310.png,0,D:\dataset\train\11310_GT.png
D:\dataset\train\11859.png,0,D:\dataset\train\11859_GT.png
D:\dataset\train\12113.png,0,D:\dataset\train\12113_GT.png
D:\dataset\train\11845.png,0,D:\dataset\train\11845_GT.png
D:\dataset\train\10441.png,0,D:\dataset\train\10441_GT.png
D:\dataset\train\10256.png,0,D:\dataset\train\10256_GT.png
D:\dataset\train\10410.png,0,D:\dataset\train\10410_GT.png
D:\dataset\train\11203.png,0,D:\dataset\train\11203_GT.png
D:\dataset\train\11215.png,0,D:\dataset\train\11215_GT.png
D:\dataset\train\10022.png,0,D:\dataset\train\10022_GT.png
D:\dataset\train\11008.png,0,D:\dataset\train\11008_GT.png
D:\dataset\train\12159.png,0,D:\dataset\train\12159_GT.png
D:\dataset\train\11202.png,0,D:\dataset\train\11202_GT.png
D:\dataset\train\11431.png,0,D:\dataset\train\11431_GT.png
D:\dataset\train\11876.png,0,D:\dataset\train\11876_GT.png
D:\dataset\train\11243.png,0,D:\dataset\train\11243_GT.png
D:\dataset\train\11757.png,0,D:\dataset\train\11757_GT.png
D:\dataset\train\11037.png,0,D:\dataset\train\11037_GT.png
D:\dataset\train\11375.png,0,D:\dataset\train\11375_GT.png
D:\dataset\train\11973.png,0,D:\dataset\train\11973_GT.png
D:\dataset\train\11289.png,0,D:\dataset\train\11289_GT.png
D:\dataset\train\12285.png,0,D:\dataset\train\12285_GT.png
D:\dataset\train\11897.png,0,D:\dataset\train\11897_GT.png
D:\dataset\train\12300.png,0,D:\dataset\train\12300_GT.png
D:\dataset\train\11003.png,1,D:\dataset\train\11003_GT.png
D:\dataset\train\11632.png,1,D:\dataset\train\11632_GT.png
D:\dataset\train\11175.png,0,D:\dataset\train\11175_GT.png
D:\dataset\train\11382.png,0,D:\dataset\train\11382_GT.png
D:\dataset\train\12328.png,0,D:\dataset\train\12328_GT.png
D:\dataset\train\11411.png,0,D:\dataset\train\11411_GT.png
D:\dataset\train\10131.png,0,D:\dataset\train\10131_GT.png
D:\dataset\train\11634.png,0,D:\dataset\train\11634_GT.png
D:\dataset\train\10374.png,0,D:\dataset\train\10374_GT.png
D:\dataset\train\12089.png,0,D:\dataset\train\12089_GT.png
D:\dataset\train\10163.png,0,D:\dataset\train\10163_GT.png
D:\dataset\train\11348.png,0,D:\dataset\train\11348_GT.png
D:\dataset\train\11231.png,0,D:\dataset\train\11231_GT.png
D:\dataset\train\10837.png,0,D:\dataset\train\10837_GT.png
D:\dataset\train\10601.png,0,D:\dataset\train\10601_GT.png
D:\dataset\train\12088.png,0,D:\dataset\train\12088_GT.png
D:\dataset\train\12075.png,0,D:\dataset\train\12075_GT.png
D:\dataset\train\10553.png,0,D:\dataset\train\10553_GT.png
D:\dataset\train\11586.png,0,D:\dataset\train\11586_GT.png
D:\dataset\train\11864.png,0,D:\dataset\train\11864_GT.png
D:\dataset\train\10619.png,0,D:\dataset\train\10619_GT.png
D:\dataset\train\10526.png,0,D:\dataset\train\10526_GT.png
D:\dataset\train\10357.png,0,D:\dataset\train\10357_GT.png
D:\dataset\train\11300.png,0,D:\dataset\train\11300_GT.png
D:\dataset\train\11622.png,0,D:\dataset\train\11622_GT.png
D:\dataset\train\10304.png,1,D:\dataset\train\10304_GT.png
D:\dataset\train\10465.png,0,D:\dataset\train\10465_GT.png
D:\dataset\train\10728.png,0,D:\dataset\train\10728_GT.png
D:\dataset\train\11305.png,0,D:\dataset\train\11305_GT.png
D:\dataset\train\11855.png,0,D:\dataset\train\11855_GT.png
D:\dataset\train\11224.png,0,D:\dataset\train\11224_GT.png
D:\dataset\train\11318.png,0,D:\dataset\train\11318_GT.png
D:\dataset\train\10352.png,1,D:\dataset\train\10352_GT.png
D:\dataset\train\12184.png,0,D:\dataset\train\12184_GT.png
D:\dataset\train\10208.png,1,D:\dataset\train\10208_GT.png
D:\dataset\train\10612.png,1,D:\dataset\train\10612_GT.png
D:\dataset\train\11121.png,0,D:\dataset\train\11121_GT.png
D:\dataset\train\10627.png,0,D:\dataset\train\10627_GT.png
D:\dataset\train\12145.png,0,D:\dataset\train\12145_GT.png
D:\dataset\train\10506.png,1,D:\dataset\train\10506_GT.png
D:\dataset\train\12218.png,0,D:\dataset\train\12218_GT.png
D:\dataset\train\10155.png,0,D:\dataset\train\10155_GT.png
D:\dataset\train\10550.png,0,D:\dataset\train\10550_GT.png
D:\dataset\train\10177.png,0,D:\dataset\train\10177_GT.png
D:\dataset\train\11156.png,0,D:\dataset\train\11156_GT.png
D:\dataset\train\11167.png,0,D:\dataset\train\11167_GT.png
D:\dataset\train\10871.png,0,D:\dataset\train\10871_GT.png
D:\dataset\train\10781.png,0,D:\dataset\train\10781_GT.png
D:\dataset\train\10790.png,0,D:\dataset\train\10790_GT.png
D:\dataset\train\10313.png,0,D:\dataset\train\10313_GT.png
D:\dataset\train\11061.png,1,D:\dataset\train\11061_GT.png
D:\dataset\train\10252.png,0,D:\dataset\train\10252_GT.png
D:\dataset\train\12126.png,0,D:\dataset\train\12126_GT.png
D:\dataset\train\12001.png,0,D:\dataset\train\12001_GT.png
D:\dataset\train\10129.png,0,D:\dataset\train\10129_GT.png
D:\dataset\train\11643.png,1,D:\dataset\train\11643_GT.png
D:\dataset\train\11007.png,0,D:\dataset\train\11007_GT.png
D:\dataset\train\11743.png,0,D:\dataset\train\11743_GT.png
D:\dataset\train\10251.png,0,D:\dataset\train\10251_GT.png
D:\dataset\train\11771.png,0,D:\dataset\train\11771_GT.png
D:\dataset\train\11609.png,0,D:\dataset\train\11609_GT.png
D:\dataset\train\12255.png,1,D:\dataset\train\12255_GT.png
D:\dataset\train\11662.png,1,D:\dataset\train\11662_GT.png
D:\dataset\train\11940.png,0,D:\dataset\train\11940_GT.png
D:\dataset\train\11836.png,1,D:\dataset\train\11836_GT.png
D:\dataset\train\10532.png,0,D:\dataset\train\10532_GT.png
D:\dataset\train\10300.png,0,D:\dataset\train\10300_GT.png
D:\dataset\train\11455.png,0,D:\dataset\train\11455_GT.png
D:\dataset\train\10858.png,0,D:\dataset\train\10858_GT.png
D:\dataset\train\12256.png,0,D:\dataset\train\12256_GT.png
D:\dataset\train\10096.png,0,D:\dataset\train\10096_GT.png
D:\dataset\train\10567.png,0,D:\dataset\train\10567_GT.png
D:\dataset\train\10693.png,0,D:\dataset\train\10693_GT.png
D:\dataset\train\10174.png,0,D:\dataset\train\10174_GT.png
D:\dataset\train\11422.png,0,D:\dataset\train\11422_GT.png
D:\dataset\train\11706.png,0,D:\dataset\train\11706_GT.png
D:\dataset\train\11834.png,0,D:\dataset\train\11834_GT.png
D:\dataset\train\10375.png,0,D:\dataset\train\10375_GT.png
D:\dataset\train\11256.png,0,D:\dataset\train\11256_GT.png
D:\dataset\train\12170.png,0,D:\dataset\train\12170_GT.png
D:\dataset\train\10879.png,0,D:\dataset\train\10879_GT.png
D:\dataset\train\11091.png,0,D:\dataset\train\11091_GT.png
D:\dataset\train\11023.png,0,D:\dataset\train\11023_GT.png
D:\dataset\train\12282.png,0,D:\dataset\train\12282_GT.png
D:\dataset\train\11399.png,0,D:\dataset\train\11399_GT.png
D:\dataset\train\11863.png,0,D:\dataset\train\11863_GT.png
D:\dataset\train\10297.png,0,D:\dataset\train\10297_GT.png
D:\dataset\train\11312.png,0,D:\dataset\train\11312_GT.png
D:\dataset\train\10270.png,0,D:\dataset\train\10270_GT.png
D:\dataset\train\10558.png,0,D:\dataset\train\10558_GT.png
D:\dataset\train\10625.png,0,D:\dataset\train\10625_GT.png
D:\dataset\train\11528.png,0,D:\dataset\train\11528_GT.png
D:\dataset\train\11154.png,0,D:\dataset\train\11154_GT.png
D:\dataset\train\11105.png,0,D:\dataset\train\11105_GT.png
D:\dataset\train\11456.png,0,D:\dataset\train\11456_GT.png
D:\dataset\train\11467.png,0,D:\dataset\train\11467_GT.png
D:\dataset\train\11393.png,0,D:\dataset\train\11393_GT.png
D:\dataset\train\10048.png,0,D:\dataset\train\10048_GT.png
D:\dataset\train\11892.png,0,D:\dataset\train\11892_GT.png
D:\dataset\train\10261.png,0,D:\dataset\train\10261_GT.png
D:\dataset\train\12199.png,0,D:\dataset\train\12199_GT.png
D:\dataset\train\12225.png,0,D:\dataset\train\12225_GT.png
D:\dataset\train\10804.png,0,D:\dataset\train\10804_GT.png
D:\dataset\train\12092.png,0,D:\dataset\train\12092_GT.png
D:\dataset\train\11714.png,0,D:\dataset\train\11714_GT.png
D:\dataset\train\11225.png,0,D:\dataset\train\11225_GT.png
D:\dataset\train\10030.png,0,D:\dataset\train\10030_GT.png
D:\dataset\train\10863.png,0,D:\dataset\train\10863_GT.png
D:\dataset\train\11164.png,0,D:\dataset\train\11164_GT.png
D:\dataset\train\11686.png,0,D:\dataset\train\11686_GT.png
D:\dataset\train\10371.png,0,D:\dataset\train\10371_GT.png
D:\dataset\train\11993.png,0,D:\dataset\train\11993_GT.png
D:\dataset\train\11682.png,0,D:\dataset\train\11682_GT.png
D:\dataset\train\10574.png,1,D:\dataset\train\10574_GT.png
D:\dataset\train\10043.png,0,D:\dataset\train\10043_GT.png
D:\dataset\train\10986.png,0,D:\dataset\train\10986_GT.png
D:\dataset\train\10805.png,0,D:\dataset\train\10805_GT.png
D:\dataset\train\11633.png,0,D:\dataset\train\11633_GT.png
D:\dataset\train\10355.png,0,D:\dataset\train\10355_GT.png
D:\dataset\train\11205.png,0,D:\dataset\train\11205_GT.png
D:\dataset\train\10782.png,0,D:\dataset\train\10782_GT.png
D:\dataset\train\10623.png,0,D:\dataset\train\10623_GT.png
D:\dataset\train\11362.png,0,D:\dataset\train\11362_GT.png
D:\dataset\train\11180.png,0,D:\dataset\train\11180_GT.png
D:\dataset\train\10563.png,0,D:\dataset\train\10563_GT.png
D:\dataset\train\10396.png,1,D:\dataset\train\10396_GT.png
D:\dataset\train\11258.png,1,D:\dataset\train\11258_GT.png
D:\dataset\train\10269.png,0,D:\dataset\train\10269_GT.png
D:\dataset\train\12117.png,0,D:\dataset\train\12117_GT.png
D:\dataset\train\11480.png,0,D:\dataset\train\11480_GT.png
D:\dataset\train\10663.png,1,D:\dataset\train\10663_GT.png
D:\dataset\train\10169.png,0,D:\dataset\train\10169_GT.png
D:\dataset\train\10966.png,0,D:\dataset\train\10966_GT.png
D:\dataset\train\12324.png,0,D:\dataset\train\12324_GT.png
D:\dataset\train\10377.png,0,D:\dataset\train\10377_GT.png
D:\dataset\train\10965.png,0,D:\dataset\train\10965_GT.png
D:\dataset\train\12234.png,0,D:\dataset\train\12234_GT.png
D:\dataset\train\11041.png,0,D:\dataset\train\11041_GT.png
D:\dataset\train\12228.png,0,D:\dataset\train\12228_GT.png
D:\dataset\train\10700.png,0,D:\dataset\train\10700_GT.png
D:\dataset\train\10967.png,0,D:\dataset\train\10967_GT.png
D:\dataset\train\11997.png,0,D:\dataset\train\11997_GT.png
D:\dataset\train\12227.png,0,D:\dataset\train\12227_GT.png
D:\dataset\train\10019.png,0,D:\dataset\train\10019_GT.png
D:\dataset\train\12289.png,0,D:\dataset\train\12289_GT.png
D:\dataset\train\12084.png,0,D:\dataset\train\12084_GT.png
D:\dataset\train\10848.png,0,D:\dataset\train\10848_GT.png
D:\dataset\train\10119.png,0,D:\dataset\train\10119_GT.png
D:\dataset\train\10667.png,0,D:\dataset\train\10667_GT.png
D:\dataset\train\11910.png,0,D:\dataset\train\11910_GT.png
D:\dataset\train\11506.png,1,D:\dataset\train\11506_GT.png
D:\dataset\train\11247.png,0,D:\dataset\train\11247_GT.png
D:\dataset\train\11048.png,0,D:\dataset\train\11048_GT.png
D:\dataset\train\11740.png,0,D:\dataset\train\11740_GT.png
D:\dataset\train\10461.png,0,D:\dataset\train\10461_GT.png
D:\dataset\train\10501.png,0,D:\dataset\train\10501_GT.png
D:\dataset\train\10164.png,0,D:\dataset\train\10164_GT.png
D:\dataset\train\11073.png,0,D:\dataset\train\11073_GT.png
D:\dataset\train\12036.png,0,D:\dataset\train\12036_GT.png
D:\dataset\train\11210.png,0,D:\dataset\train\11210_GT.png
D:\dataset\train\10450.png,0,D:\dataset\train\10450_GT.png
D:\dataset\train\11366.png,0,D:\dataset\train\11366_GT.png
D:\dataset\train\11058.png,0,D:\dataset\train\11058_GT.png
D:\dataset\train\11730.png,0,D:\dataset\train\11730_GT.png
D:\dataset\train\10797.png,1,D:\dataset\train\10797_GT.png
D:\dataset\train\11126.png,0,D:\dataset\train\11126_GT.png
D:\dataset\train\12323.png,0,D:\dataset\train\12323_GT.png
D:\dataset\train\11795.png,0,D:\dataset\train\11795_GT.png
D:\dataset\train\12254.png,0,D:\dataset\train\12254_GT.png
D:\dataset\train\10825.png,0,D:\dataset\train\10825_GT.png
D:\dataset\train\10061.png,0,D:\dataset\train\10061_GT.png
D:\dataset\train\12237.png,1,D:\dataset\train\12237_GT.png
D:\dataset\train\11790.png,0,D:\dataset\train\11790_GT.png
D:\dataset\train\12311.png,0,D:\dataset\train\12311_GT.png
D:\dataset\train\10419.png,0,D:\dataset\train\10419_GT.png
D:\dataset\train\10309.png,1,D:\dataset\train\10309_GT.png
D:\dataset\train\10234.png,0,D:\dataset\train\10234_GT.png
D:\dataset\train\11150.png,0,D:\dataset\train\11150_GT.png
D:\dataset\train\11499.png,0,D:\dataset\train\11499_GT.png
D:\dataset\train\12128.png,0,D:\dataset\train\12128_GT.png
D:\dataset\train\10414.png,1,D:\dataset\train\10414_GT.png
D:\dataset\train\12037.png,0,D:\dataset\train\12037_GT.png
D:\dataset\train\11577.png,0,D:\dataset\train\11577_GT.png
D:\dataset\train\12034.png,0,D:\dataset\train\12034_GT.png
D:\dataset\train\11555.png,0,D:\dataset\train\11555_GT.png
D:\dataset\train\11941.png,0,D:\dataset\train\11941_GT.png
D:\dataset\train\10383.png,1,D:\dataset\train\10383_GT.png
D:\dataset\train\12021.png,0,D:\dataset\train\12021_GT.png
D:\dataset\train\10606.png,0,D:\dataset\train\10606_GT.png
D:\dataset\train\11264.png,0,D:\dataset\train\11264_GT.png
D:\dataset\train\11386.png,1,D:\dataset\train\11386_GT.png
D:\dataset\train\11612.png,1,D:\dataset\train\11612_GT.png
D:\dataset\train\11157.png,0,D:\dataset\train\11157_GT.png
D:\dataset\train\10358.png,0,D:\dataset\train\10358_GT.png
D:\dataset\train\11408.png,0,D:\dataset\train\11408_GT.png
D:\dataset\train\11875.png,0,D:\dataset\train\11875_GT.png
D:\dataset\train\12096.png,0,D:\dataset\train\12096_GT.png
D:\dataset\train\10236.png,0,D:\dataset\train\10236_GT.png
D:\dataset\train\10168.png,0,D:\dataset\train\10168_GT.png
D:\dataset\train\10040.png,0,D:\dataset\train\10040_GT.png
D:\dataset\train\11178.png,1,D:\dataset\train\11178_GT.png
D:\dataset\train\12122.png,0,D:\dataset\train\12122_GT.png
D:\dataset\train\11274.png,0,D:\dataset\train\11274_GT.png
D:\dataset\train\11873.png,0,D:\dataset\train\11873_GT.png
D:\dataset\train\11635.png,0,D:\dataset\train\11635_GT.png
D:\dataset\train\10631.png,0,D:\dataset\train\10631_GT.png
D:\dataset\train\11542.png,0,D:\dataset\train\11542_GT.png
D:\dataset\train\11651.png,0,D:\dataset\train\11651_GT.png
D:\dataset\train\11453.png,0,D:\dataset\train\11453_GT.png
D:\dataset\train\10681.png,0,D:\dataset\train\10681_GT.png
D:\dataset\train\10317.png,0,D:\dataset\train\10317_GT.png
D:\dataset\train\11261.png,0,D:\dataset\train\11261_GT.png
D:\dataset\train\11094.png,1,D:\dataset\train\11094_GT.png
D:\dataset\train\11337.png,0,D:\dataset\train\11337_GT.png
D:\dataset\train\10190.png,0,D:\dataset\train\10190_GT.png
D:\dataset\train\12266.png,0,D:\dataset\train\12266_GT.png
D:\dataset\train\10227.png,0,D:\dataset\train\10227_GT.png
D:\dataset\train\12004.png,0,D:\dataset\train\12004_GT.png
D:\dataset\train\11311.png,0,D:\dataset\train\11311_GT.png
D:\dataset\train\10221.png,0,D:\dataset\train\10221_GT.png
D:\dataset\train\11616.png,1,D:\dataset\train\11616_GT.png
D:\dataset\train\10607.png,0,D:\dataset\train\10607_GT.png
D:\dataset\train\10494.png,0,D:\dataset\train\10494_GT.png
D:\dataset\train\11359.png,0,D:\dataset\train\11359_GT.png
D:\dataset\train\12125.png,0,D:\dataset\train\12125_GT.png
D:\dataset\train\11326.png,0,D:\dataset\train\11326_GT.png
D:\dataset\train\11031.png,0,D:\dataset\train\11031_GT.png
D:\dataset\train\11017.png,0,D:\dataset\train\11017_GT.png
D:\dataset\train\11703.png,0,D:\dataset\train\11703_GT.png
D:\dataset\train\10891.png,0,D:\dataset\train\10891_GT.png
D:\dataset\train\10112.png,0,D:\dataset\train\10112_GT.png
D:\dataset\train\10987.png,0,D:\dataset\train\10987_GT.png
D:\dataset\train\11046.png,0,D:\dataset\train\11046_GT.png
D:\dataset\train\10192.png,0,D:\dataset\train\10192_GT.png
D:\dataset\train\11236.png,0,D:\dataset\train\11236_GT.png
D:\dataset\train\10875.png,0,D:\dataset\train\10875_GT.png
D:\dataset\train\11403.png,0,D:\dataset\train\11403_GT.png
D:\dataset\train\11234.png,0,D:\dataset\train\11234_GT.png
D:\dataset\train\11314.png,0,D:\dataset\train\11314_GT.png
D:\dataset\train\11645.png,0,D:\dataset\train\11645_GT.png
D:\dataset\train\11244.png,0,D:\dataset\train\11244_GT.png
D:\dataset\train\11755.png,1,D:\dataset\train\11755_GT.png
D:\dataset\train\11482.png,1,D:\dataset\train\11482_GT.png
D:\dataset\train\11013.png,0,D:\dataset\train\11013_GT.png
D:\dataset\train\10944.png,0,D:\dataset\train\10944_GT.png
D:\dataset\train\12252.png,0,D:\dataset\train\12252_GT.png
D:\dataset\train\11739.png,1,D:\dataset\train\11739_GT.png
D:\dataset\train\11787.png,0,D:\dataset\train\11787_GT.png
D:\dataset\train\11791.png,0,D:\dataset\train\11791_GT.png
D:\dataset\train\10795.png,0,D:\dataset\train\10795_GT.png
D:\dataset\train\11618.png,0,D:\dataset\train\11618_GT.png
D:\dataset\train\10582.png,0,D:\dataset\train\10582_GT.png
D:\dataset\train\10006.png,0,D:\dataset\train\10006_GT.png
D:\dataset\train\10255.png,0,D:\dataset\train\10255_GT.png
D:\dataset\train\11047.png,0,D:\dataset\train\11047_GT.png
D:\dataset\train\10373.png,0,D:\dataset\train\10373_GT.png
D:\dataset\train\10091.png,0,D:\dataset\train\10091_GT.png
D:\dataset\train\10704.png,0,D:\dataset\train\10704_GT.png
D:\dataset\train\10230.png,0,D:\dataset\train\10230_GT.png
D:\dataset\train\10099.png,0,D:\dataset\train\10099_GT.png
D:\dataset\train\12057.png,0,D:\dataset\train\12057_GT.png
D:\dataset\train\11770.png,1,D:\dataset\train\11770_GT.png
D:\dataset\train\10489.png,0,D:\dataset\train\10489_GT.png
D:\dataset\train\12220.png,0,D:\dataset\train\12220_GT.png
D:\dataset\train\11546.png,0,D:\dataset\train\11546_GT.png
D:\dataset\train\10993.png,0,D:\dataset\train\10993_GT.png
D:\dataset\train\10528.png,0,D:\dataset\train\10528_GT.png
D:\dataset\train\11097.png,0,D:\dataset\train\11097_GT.png
D:\dataset\train\10151.png,0,D:\dataset\train\10151_GT.png
D:\dataset\train\11559.png,0,D:\dataset\train\11559_GT.png
D:\dataset\train\10278.png,0,D:\dataset\train\10278_GT.png
D:\dataset\train\10456.png,0,D:\dataset\train\10456_GT.png
D:\dataset\train\10123.png,0,D:\dataset\train\10123_GT.png
D:\dataset\train\11833.png,0,D:\dataset\train\11833_GT.png
D:\dataset\train\11198.png,0,D:\dataset\train\11198_GT.png
D:\dataset\train\11970.png,0,D:\dataset\train\11970_GT.png
D:\dataset\train\10241.png,0,D:\dataset\train\10241_GT.png
D:\dataset\train\11418.png,0,D:\dataset\train\11418_GT.png
D:\dataset\train\10974.png,0,D:\dataset\train\10974_GT.png
D:\dataset\train\10882.png,0,D:\dataset\train\10882_GT.png
D:\dataset\train\10610.png,0,D:\dataset\train\10610_GT.png
D:\dataset\train\10936.png,0,D:\dataset\train\10936_GT.png
D:\dataset\train\10723.png,0,D:\dataset\train\10723_GT.png
D:\dataset\train\10759.png,0,D:\dataset\train\10759_GT.png
D:\dataset\train\10961.png,0,D:\dataset\train\10961_GT.png
D:\dataset\train\12025.png,0,D:\dataset\train\12025_GT.png
D:\dataset\train\11179.png,0,D:\dataset\train\11179_GT.png
D:\dataset\train\10286.png,0,D:\dataset\train\10286_GT.png
D:\dataset\train\11619.png,0,D:\dataset\train\11619_GT.png
D:\dataset\train\10741.png,0,D:\dataset\train\10741_GT.png
D:\dataset\train\10170.png,0,D:\dataset\train\10170_GT.png
D:\dataset\train\12138.png,0,D:\dataset\train\12138_GT.png
D:\dataset\train\10702.png,0,D:\dataset\train\10702_GT.png
D:\dataset\train\10409.png,0,D:\dataset\train\10409_GT.png
D:\dataset\train\11006.png,0,D:\dataset\train\11006_GT.png
D:\dataset\train\12105.png,1,D:\dataset\train\12105_GT.png
D:\dataset\train\10054.png,0,D:\dataset\train\10054_GT.png
D:\dataset\train\11660.png,0,D:\dataset\train\11660_GT.png
D:\dataset\train\12038.png,0,D:\dataset\train\12038_GT.png
D:\dataset\train\10565.png,0,D:\dataset\train\10565_GT.png
D:\dataset\train\10070.png,0,D:\dataset\train\10070_GT.png
D:\dataset\train\10322.png,0,D:\dataset\train\10322_GT.png
D:\dataset\train\11523.png,0,D:\dataset\train\11523_GT.png
D:\dataset\train\11534.png,0,D:\dataset\train\11534_GT.png
D:\dataset\train\10058.png,0,D:\dataset\train\10058_GT.png
D:\dataset\train\10098.png,0,D:\dataset\train\10098_GT.png
D:\dataset\train\11432.png,1,D:\dataset\train\11432_GT.png
D:\dataset\train\11186.png,0,D:\dataset\train\11186_GT.png
D:\dataset\train\10012.png,0,D:\dataset\train\10012_GT.png
D:\dataset\train\11376.png,0,D:\dataset\train\11376_GT.png
D:\dataset\train\10346.png,0,D:\dataset\train\10346_GT.png
D:\dataset\train\12134.png,0,D:\dataset\train\12134_GT.png
D:\dataset\train\10418.png,0,D:\dataset\train\10418_GT.png
D:\dataset\train\11727.png,0,D:\dataset\train\11727_GT.png
D:\dataset\train\10188.png,0,D:\dataset\train\10188_GT.png
D:\dataset\train\11127.png,0,D:\dataset\train\11127_GT.png
D:\dataset\train\11249.png,0,D:\dataset\train\11249_GT.png
D:\dataset\train\10207.png,0,D:\dataset\train\10207_GT.png
D:\dataset\train\10199.png,0,D:\dataset\train\10199_GT.png
D:\dataset\train\11587.png,0,D:\dataset\train\11587_GT.png
D:\dataset\train\10342.png,0,D:\dataset\train\10342_GT.png
D:\dataset\train\10254.png,1,D:\dataset\train\10254_GT.png
D:\dataset\train\12212.png,0,D:\dataset\train\12212_GT.png
D:\dataset\train\11793.png,0,D:\dataset\train\11793_GT.png
D:\dataset\train\10815.png,0,D:\dataset\train\10815_GT.png
D:\dataset\train\11987.png,0,D:\dataset\train\11987_GT.png
D:\dataset\train\10979.png,0,D:\dataset\train\10979_GT.png
D:\dataset\train\11387.png,0,D:\dataset\train\11387_GT.png
D:\dataset\train\11394.png,0,D:\dataset\train\11394_GT.png
D:\dataset\train\11081.png,0,D:\dataset\train\11081_GT.png
D:\dataset\train\11779.png,0,D:\dataset\train\11779_GT.png
D:\dataset\train\10233.png,0,D:\dataset\train\10233_GT.png
D:\dataset\train\10472.png,0,D:\dataset\train\10472_GT.png
D:\dataset\train\10132.png,0,D:\dataset\train\10132_GT.png
D:\dataset\train\11871.png,0,D:\dataset\train\11871_GT.png
D:\dataset\train\12079.png,0,D:\dataset\train\12079_GT.png
D:\dataset\train\10745.png,0,D:\dataset\train\10745_GT.png
D:\dataset\train\10572.png,0,D:\dataset\train\10572_GT.png
D:\dataset\train\11900.png,0,D:\dataset\train\11900_GT.png
D:\dataset\train\11695.png,1,D:\dataset\train\11695_GT.png
D:\dataset\train\11680.png,0,D:\dataset\train\11680_GT.png
D:\dataset\train\11759.png,0,D:\dataset\train\11759_GT.png
D:\dataset\train\11072.png,0,D:\dataset\train\11072_GT.png
D:\dataset\train\11767.png,0,D:\dataset\train\11767_GT.png
D:\dataset\train\12146.png,1,D:\dataset\train\12146_GT.png
D:\dataset\train\11419.png,0,D:\dataset\train\11419_GT.png
D:\dataset\train\11209.png,0,D:\dataset\train\11209_GT.png
D:\dataset\train\11142.png,0,D:\dataset\train\11142_GT.png
D:\dataset\train\10544.png,0,D:\dataset\train\10544_GT.png
D:\dataset\train\11724.png,0,D:\dataset\train\11724_GT.png
D:\dataset\train\11746.png,1,D:\dataset\train\11746_GT.png
D:\dataset\train\12013.png,0,D:\dataset\train\12013_GT.png
D:\dataset\train\12077.png,0,D:\dataset\train\12077_GT.png
D:\dataset\train\10708.png,0,D:\dataset\train\10708_GT.png
D:\dataset\train\10571.png,0,D:\dataset\train\10571_GT.png
D:\dataset\train\11144.png,0,D:\dataset\train\11144_GT.png
D:\dataset\train\10445.png,0,D:\dataset\train\10445_GT.png
D:\dataset\train\10469.png,0,D:\dataset\train\10469_GT.png
D:\dataset\train\10283.png,0,D:\dataset\train\10283_GT.png
D:\dataset\train\10150.png,0,D:\dataset\train\10150_GT.png
D:\dataset\train\10220.png,0,D:\dataset\train\10220_GT.png
D:\dataset\train\11409.png,0,D:\dataset\train\11409_GT.png
D:\dataset\train\10514.png,1,D:\dataset\train\10514_GT.png
D:\dataset\train\10806.png,0,D:\dataset\train\10806_GT.png
D:\dataset\train\10624.png,0,D:\dataset\train\10624_GT.png
D:\dataset\train\10766.png,0,D:\dataset\train\10766_GT.png
D:\dataset\train\11052.png,1,D:\dataset\train\11052_GT.png
D:\dataset\train\12240.png,0,D:\dataset\train\12240_GT.png
D:\dataset\train\10231.png,0,D:\dataset\train\10231_GT.png
D:\dataset\train\10796.png,0,D:\dataset\train\10796_GT.png
D:\dataset\train\10323.png,0,D:\dataset\train\10323_GT.png
D:\dataset\train\11869.png,0,D:\dataset\train\11869_GT.png
D:\dataset\train\11368.png,0,D:\dataset\train\11368_GT.png
D:\dataset\train\11065.png,0,D:\dataset\train\11065_GT.png
D:\dataset\train\11765.png,0,D:\dataset\train\11765_GT.png
D:\dataset\train\11965.png,0,D:\dataset\train\11965_GT.png
D:\dataset\train\10490.png,0,D:\dataset\train\10490_GT.png
D:\dataset\train\11245.png,0,D:\dataset\train\11245_GT.png
D:\dataset\train\12043.png,0,D:\dataset\train\12043_GT.png
D:\dataset\train\11870.png,1,D:\dataset\train\11870_GT.png
D:\dataset\train\10897.png,0,D:\dataset\train\10897_GT.png
D:\dataset\train\10851.png,0,D:\dataset\train\10851_GT.png
D:\dataset\train\11242.png,1,D:\dataset\train\11242_GT.png
D:\dataset\train\11872.png,0,D:\dataset\train\11872_GT.png
D:\dataset\train\10857.png,0,D:\dataset\train\10857_GT.png
D:\dataset\train\11365.png,0,D:\dataset\train\11365_GT.png
D:\dataset\train\12247.png,0,D:\dataset\train\12247_GT.png
D:\dataset\train\11924.png,1,D:\dataset\train\11924_GT.png
D:\dataset\train\12002.png,0,D:\dataset\train\12002_GT.png
D:\dataset\train\11785.png,0,D:\dataset\train\11785_GT.png
D:\dataset\train\10090.png,1,D:\dataset\train\10090_GT.png
D:\dataset\train\12291.png,0,D:\dataset\train\12291_GT.png
D:\dataset\train\11839.png,0,D:\dataset\train\11839_GT.png
D:\dataset\train\11698.png,0,D:\dataset\train\11698_GT.png
D:\dataset\train\12028.png,1,D:\dataset\train\12028_GT.png
D:\dataset\train\10111.png,0,D:\dataset\train\10111_GT.png
D:\dataset\train\10330.png,0,D:\dataset\train\10330_GT.png
D:\dataset\train\10620.png,0,D:\dataset\train\10620_GT.png
D:\dataset\train\10713.png,0,D:\dataset\train\10713_GT.png
D:\dataset\train\11021.png,0,D:\dataset\train\11021_GT.png
D:\dataset\train\10179.png,0,D:\dataset\train\10179_GT.png
D:\dataset\train\11088.png,1,D:\dataset\train\11088_GT.png
D:\dataset\train\11148.png,0,D:\dataset\train\11148_GT.png
D:\dataset\train\11976.png,0,D:\dataset\train\11976_GT.png
D:\dataset\train\11054.png,0,D:\dataset\train\11054_GT.png
D:\dataset\train\10819.png,0,D:\dataset\train\10819_GT.png
D:\dataset\train\11277.png,0,D:\dataset\train\11277_GT.png
D:\dataset\train\12171.png,0,D:\dataset\train\12171_GT.png
D:\dataset\train\10799.png,0,D:\dataset\train\10799_GT.png
D:\dataset\train\10074.png,0,D:\dataset\train\10074_GT.png
D:\dataset\train\10380.png,0,D:\dataset\train\10380_GT.png
D:\dataset\train\10088.png,0,D:\dataset\train\10088_GT.png
D:\dataset\train\12160.png,1,D:\dataset\train\12160_GT.png
D:\dataset\train\10493.png,0,D:\dataset\train\10493_GT.png
D:\dataset\train\11516.png,0,D:\dataset\train\11516_GT.png
D:\dataset\train\10171.png,0,D:\dataset\train\10171_GT.png
D:\dataset\train\10376.png,0,D:\dataset\train\10376_GT.png
D:\dataset\train\10835.png,0,D:\dataset\train\10835_GT.png
D:\dataset\train\11303.png,0,D:\dataset\train\11303_GT.png
D:\dataset\train\10422.png,0,D:\dataset\train\10422_GT.png
D:\dataset\train\10889.png,0,D:\dataset\train\10889_GT.png
D:\dataset\train\10430.png,0,D:\dataset\train\10430_GT.png
D:\dataset\train\11338.png,0,D:\dataset\train\11338_GT.png
D:\dataset\train\11826.png,0,D:\dataset\train\11826_GT.png
D:\dataset\train\10214.png,0,D:\dataset\train\10214_GT.png
D:\dataset\train\10140.png,0,D:\dataset\train\10140_GT.png
D:\dataset\train\10272.png,0,D:\dataset\train\10272_GT.png
D:\dataset\train\11251.png,0,D:\dataset\train\11251_GT.png
D:\dataset\train\10946.png,0,D:\dataset\train\10946_GT.png
D:\dataset\train\11496.png,0,D:\dataset\train\11496_GT.png
D:\dataset\train\10417.png,0,D:\dataset\train\10417_GT.png
D:\dataset\train\10372.png,0,D:\dataset\train\10372_GT.png
